Term,Title,URL
Thanksgiving,"Upcoming Thanksgiving 2025 Events in De Pere, WI",https://stayhappening.com/de+pere--thanksgiving
Thanksgiving,Thanksgiving Day 2025: What’s open & what’s closed? - TheStreet,https://www.thestreet.com/retail/whats-open-whats-closed-thanksgiving-2025
BULLISH Airdrop,bullish $ BULLISH Token Airdrop Strategies for Crypto... | Medium,https://medium.com/@yannisma58/bullish-bullish-token-claim-strategies-for-crypto-veterans-f5c868350cde
BULLISH Airdrop,Аирдроп Bullish Llama | Bitget,https://www.bitgetapps.com/ru/airdrop/bullish-llama
BULLISH Airdrop,Bullieverse $ BULL Airdrop — Hyped Airdrop is now Live!,https://www.linkedin.com/pulse/bullieverse-bull-airdrop-hyped-now-live-usman-rafique-jwdde
BULLISH Airdrop,How to Claim Battle Bull Airdrop | TikTok,https://www.tiktok.com/discover/how-to-claim-battle-bull-airdrop
BULLISH Airdrop,"Bullish | Trade Bitcoin, Ethereum & other digital assets on a global ...",https://www.bullish.com/
BULLISH Airdrop,"Bullish | Trade Bitcoin, Ethereum",https://www.bullish.com/us
BULLISH Airdrop,About Us - Bullish,https://www.bullish.com/about-us
BULLISH Airdrop,Bullish - Investor Relations,https://investors.bullish.com/overview/default.aspx
BULLISH Airdrop,Bullish Reports Third Quarter 2025 Results,https://investors.bullish.com/news/news-details/2025/Bullish-Reports-Third-Quarter-2025-Results/default.aspx
BULLISH Airdrop,"Cryptocurrency News, Market Insights & Trends - Bullish",https://www.bullish.com/news-insights
BULLISH Airdrop,"Bullish Cryptocurrency Markets: Latest Prices, Volume & Analysis",https://www.bullish.com/markets
BULLISH Airdrop,Bullish upsizes initial public offering and increases expected price ...,https://www.bullish.com/news-insights/bullish-upsizes-initial-public-offering-and-increases-expected-price-range
#нюдсочетверг,# нюдсочетверг – Telegram,https://t.me/s/nudsochet/33800
#нюдсочетверг,"Публикация #2460 — Нюдсочетверг , нюдсы каждый день! 18+...",https://tgstat.ru/channel/@nudso4etverg/2460
#нюдсочетверг,"#KHH@multifandom_tver вот это я понимаю ""доброе утро""!....",https://vk.com/wall-223446747_1166
#нюдсочетверг,Number sign - Wikipedia,https://www.bing.com/ck/a?!&&p=3941bcc4241a61343dbc13ac8bbf4444640eb887146d7ed3edff8cafecf9d682JmltdHM9MTc2NDIwMTYwMA&ptn=3&ver=2&hsh=4&fclid=0edc486a-4755-6bf4-3627-5ed846346a01&psq=#нюдсочетверг&u=a1aHR0cHM6Ly9lbi5tLndpa2lwZWRpYS5vcmcvd2lraS9OdW1iZXJfc2lnbg&ntb=1
#нюдсочетверг,Number sign | Meaning & Symbol | Britannica,https://www.bing.com/ck/a?!&&p=5c061f0c7a4671ed9465d654d65c6fc19e6a1aafd51d31e06d1ecd109a293eeeJmltdHM9MTc2NDIwMTYwMA&ptn=3&ver=2&hsh=4&fclid=0edc486a-4755-6bf4-3627-5ed846346a01&psq=#нюдсочетверг&u=a1aHR0cHM6Ly93d3cuYnJpdGFubmljYS5jb20vdG9waWMvbnVtYmVyLXNpZ24&ntb=1
#нюдсочетверг,Number Sign - Rules and Examples - GRAMMARIST,https://www.bing.com/ck/a?!&&p=ac504dac7adad9bec016052d7a438a6fa8565e2afb545d0dbca2bf674ab02c7cJmltdHM9MTc2NDIwMTYwMA&ptn=3&ver=2&hsh=4&fclid=0edc486a-4755-6bf4-3627-5ed846346a01&psq=#нюдсочетверг&u=a1aHR0cHM6Ly9ncmFtbWFyaXN0LmNvbS9wdW5jdHVhdGlvbi9udW1iZXItc2lnbi8&ntb=1
#нюдсочетверг,Number Sign Symbol,https://www.bing.com/ck/a?!&&p=a26ae79e014b9d054f9443d85c6afff028bf64a2913c803d3f90ee644863ed47JmltdHM9MTc2NDIwMTYwMA&ptn=3&ver=2&hsh=4&fclid=0edc486a-4755-6bf4-3627-5ed846346a01&psq=#нюдсочетверг&u=a1aHR0cHM6Ly93d3cuc3ltYm9scy5jb20vc3ltYm9sL251bWJlci1zaWdu&ntb=1
#нюдсочетверг,"Number Sign (#): Definition, Examples & Quiz - ultimatelexicon.com",https://www.bing.com/ck/a?!&&p=bf67db087ac1ae7c6c8344cf94757c35d235042fcb75c65be25dc76d74f94459JmltdHM9MTc2NDIwMTYwMA&ptn=3&ver=2&hsh=4&fclid=0edc486a-4755-6bf4-3627-5ed846346a01&psq=#нюдсочетверг&u=a1aHR0cHM6Ly91bHRpbWF0ZWxleGljb24uY29tL2RlZmluaXRpb25zL24vbnVtYmVyLXNpZ24v&ntb=1
#нюдсочетверг,NUMBER SIGN Definition & Meaning - Merriam-Webster,https://www.bing.com/ck/a?!&&p=f2779124e0a7867281d9c728ff3c85f94d13fa9bd04bff60d266d1b8640a431dJmltdHM9MTc2NDIwMTYwMA&ptn=3&ver=2&hsh=4&fclid=0edc486a-4755-6bf4-3627-5ed846346a01&psq=#нюдсочетверг&u=a1aHR0cHM6Ly93d3cubWVycmlhbS13ZWJzdGVyLmNvbS9kaWN0aW9uYXJ5L251bWJlciUyMHNpZ24&ntb=1
The SACHI,"Amazon Careers: Impact the Future, Today",https://www.amazon.jobs/
The SACHI,Southern California Region - Amazon.jobs,https://www.amazon.jobs/location/southern-california-metropolitan-area
The SACHI,The Sachi - Benzinga,https://www.benzinga.com/alternative-investments/listing/the-sachi
The SACHI,"The Sachi Zen Door | Barn door designs, Custom interior doors, Doors...",https://tr.pinterest.com/pin/the-sachi-zen-door--8514686787488714/
The SACHI,SACHI Announces “The Origin” - Exclusive NFT Mint Ahead of...,https://blockonomi.com/sachi-announces-the-origin-exclusive-nft-mint-ahead-of-sachi-token-launch/
The SACHI,The ‘ Sachi ’ Black Backless Top – DippedInPink,https://dippedinpink.co.uk/products/the-sachi-black-backless-top
The SACHI,Sachi is Hawthorn’s new go-to Japanese restaurant - Melbourne Food...,https://www.melbournefoodandwine.com.au/eat/sachi-is-hawthorns-new-go-to-japanese-restaurant/
The SACHI,Style 34 Trendy Lunch Tote | Sachi Bags | Moroccan Navy,https://sachi-bags.com/product/style-34-insulated-trendy-lunch-tote-moroccan-navy/
The SACHI,Amazon.com: Sachi Living The Sachi Life Name Funny Throw Pillow...,https://www.amazon.com/Sachi-Living-Life-Funny-Pillow/dp/B0DXCTS4BJ
The SACHI,"Washington, DC | Greater Metro Area | Amazon.jobs",https://www.amazon.jobs/location/washington-dc-greater-metro-area
The SACHI,Amazon Operations,https://www.amazon.jobs/content/en/teams/amazon-operations
The SACHI,Job search | Amazon.jobs,https://www.amazon.jobs/en/search?base
The SACHI,"Las Vegas Area, NV | Amazon.jobs",https://www.amazon.jobs/en/location/las-vegas-area-nv
The SACHI,"Atlanta, Georgia - Amazon.jobs",https://www.amazon.jobs/content/locations/united-states/georgia/atlanta
The SACHI,Amazon Hourly Jobs,https://www.amazon.jobs/content/en/hourly
The SACHI,Online Application - Amazon.jobs,https://www.amazon.jobs/content/how-we-hire/online-application
Долиной,Адвокат Жорин оценил последствия «дела Долиной » для... - KP.RU,https://www.kp.ru/daily/27748/5176755/
Долиной,В Подмосковье огласят приговор по делу о мошенничестве...,https://ria.ru/20251128/sud-2058233546.html
Долиной,Певица Слава жестко высказалась о ситуации... | ФОНТАНКА.ру,https://www.fontanka.ru/2025/11/27/76143705/
Долиной,В Думе заявили о волне возвратов квартир продавцам после дела...,https://www.RBC.ru/rbcfreenews/6928e45e9a79476d40c2218b
Долиной,Gene LeBell talks Steven Seagal s----ing himself,https://www.mixedmartialarts.com/news/gene-lebell-talks-steven-seagal-s-ing-himself/
Долиной,Verdict MMA’s OverUnder: Saudi Arabia invests in the PFL,https://www.mixedmartialarts.com/news/verdict-mmas-overunder-saudi-arabia-invests-in-the-pfl/
Долиной,The time Alistair Overeem repeatedly beat up a female reporter,https://www.mixedmartialarts.com/mma/overeem-beats-up-reporter/
Долиной,Under Construction - MMA Underground,https://www.mixedmartialarts.com/under-construction/
Долиной,Tim Kennedy has a message for soldiers with PTSD,https://www.mixedmartialarts.com/news/tim-kennedy-has-a-message-for-soldiers-with-ptsd/
Долиной,Vaginal Kung-Fu master lists benefits - MMA Underground,https://www.mixedmartialarts.com/vault/vaginal-kung-fu/
Долиной,Cruz vs. Garbrandt trash talk: The uncensored version,https://www.mixedmartialarts.com/news/cruz-vs-garbrandt-trash-talk-the-uncensored-version/
Долиной,"Bec Rawlings on Cameltoe, Boob Job, and her fight",https://www.mixedmartialarts.com/ufc/bec-rawlings-camel-toe-boob-job-fight-saturday-night/
Долиной,Лариса Долина отсудила не только квартиру... | StarHit (СтарХит),https://www.StarHit.ru/novosti/larisa-dolina-otsudila-ne-tolko-kvartiru-obratno-no-i-poluchila-3-milliona-rublei-sverkhu-6684930/
Долиной,Журналист Андрей Медведев назвал решение суда по квартире...,https://www.vesti.ru/article/4801350
Pippin,Pippin - Wikipedia,https://en.wikipedia.org/wiki/Pippin
Pippin,Pippin GIF | Tenor,https://tenor.com/hi/search/pippin-gifs
Pippin,Artist Spotlight: Horace Pippin - Sip and Paint - PopUp Painting,https://popuppainting.com/horace-pippin/
Pippin,"Pippin , Luxury Glamping 2.5 miles N of Falmouth | Unique Hideaways",https://uniquehideaways.com/glamping-site/4997/pippin
Pippin,# pippin took – @mystic-sn0w on Tumblr,https://www.tumblr.com/mystic-sn0w/tagged/pippin+took
Pippin,Broadway.com | Photo 14 of 22 | Pippin : Show Photos,https://www.broadway.com/shows/pippin/photos/pippin-show-photos/198676/show-photos-pippin-annie-potts
Pippin,Peregrin Took | The One Wiki to Rule Them All | Fandom,https://lotr.fandom.com/wiki/Peregrin_Took
#Phantom,Phantom: The crypto wallet for everyone,https://phantom.com/
#Phantom,#phantom - TikTok,https://www.tiktok.com/tag/Phantom
#Phantom,The Phantom Trail,https://www.phantomtrail.com/
#Phantom,"Phantom - Apps on Google Play The Phantom Comic Strip 2025-11-25 | Comics Kingdom Phantom - Crypto Wallet - App Store Phantom - A friendly Solana wallet built for DeFi & NFTs What to Know about Phatom Smells - University Health News Phantom - A friendly Solana wallet built for DeFi & NFTs Phantom - Crypto Wallet on the App Store Download Phantom | Crypto wallet for Solana, Ethereum & more",https://play.google.com/store/apps/details?id=app.phantom&hl=en
#Phantom,The Phantom Comic Strip 2025-11-25 | Comics Kingdom,https://comicskingdom.com/phantom/2025-11-25
#Phantom,Phantom - Crypto Wallet - App Store,https://apps.apple.com/us/app/phantom-crypto-wallet/id1598432977
#Phantom,"Download Phantom | Crypto wallet for Solana, Ethereum & more",https://phantom.com/download
#Phantom,Josodo & xxxmanera – Phantom Lyrics | Genius Lyrics,https://genius.com/Josodo-and-xxxmanera-phantom-lyrics
#Phantom,Can I turn off vibration in the Phantom mobile app? – Phantom,https://help.phantom.com/hc/en-us/articles/46886537604883-Can-I-turn-off-vibration-in-the-Phantom-mobile-app
#Phantom,Hydromassage mini pool spa PHANTOM | Treesse,https://www.gruppotres.com/minipool/ghost-plus/phantom.html
#Phantom,Phantom Paco Rabanne Vs Eros | TikTok,https://www.tiktok.com/discover/phantom-paco-rabanne-vs-eros
#Phantom,The Phantom Time Hypothesis — Do We Really Live in the Year 1714?,https://corespirit.com/articles/the-phantom-time-hypothesis-do-we-really-live-in-year-1714
#Binance,Binance,https://en.wikipedia.org/wiki/Binance
#Binance,"Binance: The World's Most Trusted Cryptocurrency Exchange to Buy, Trade ...",https://www.binance.com/
#Binance,"Binance.US - Crypto Trading Platform | Buy, Sell, & Trade Crypto in the US",https://www.binance.us/
#Binance,Binance,https://accounts.binance.com/en/login
#Binance,Log In | Binance.US,https://www.binance.us/login
#Binance,"Binance Announcement: New Coin Listings, New Trading Pairs, Crypto ...",https://www.binance.com/en/support/announcement
#Binance,Bitcoin Exchange | Cryptocurrency Exchange | Binance,https://www.binance.com/en/trade
#Binance,About - Binance,https://www.binance.com/en/about
#Binance,twitter.com/ binance,https://twitter.com/binance
#Binance,Binance Prestige | Digital Asset Investment & Crypto Wealth...,https://www.binance.com/en/prestige
#Binance,Binance founder Changpeng Zhao accused of facilitating payments to...,https://www.ft.com/content/0aea27d8-89a8-4f33-8bfa-2441a16f2b4d
#Binance,Binance Academy - YouTube,https://www.youtube.com/channel/UC0BNTTRYI7c0MUM5355zMqg
#Binance,Криптовалютная биржа Binance (Бинанс) в 2023 году... | Medium,https://medium.com/profinvestment/binance-b69bd77d0665
#Binance,A Closer Look at the Binance and Kyrgyzstan Partnership...,https://www.linkedin.com/posts/binance_a-closer-look-at-the-binance-and-kyrgyzstan-activity-7325187569674014720-8CiT
#Binance,Binance Word of the Day 25–26 Nov 2025,https://www.bittime.com/en/blog/binance-word-of-the-day-25-26-november-2025
#Binance,Binance Red Packet Codes 28 November 2025 – Claim Free Tokens...,https://www.bitrue.com/blog/binance-red-packet-28-november-2025
#Binance,Real # Binance #Finance #Trading #Trader #Tradingmeme... | TikTok,https://www.tiktok.com/@binance/video/7262339105437158702
#Binance,"Binance integrates USDT on TON, opens transactions",https://cointelegraph.com/news/binance-usdt-toncoin-integration
#Binance,"Binance Is Sued by Oct. 7 Victims' Families, Accused of Aiding ...",https://www.nytimes.com/2025/11/25/business/binance-hamas-terrorism.html
#Binance,Buy & Convert Cryptocurrency in as Little as 2 Minutes - Binance.US,https://www.binance.us/buy
собчак,Ксения Собчак – последние новости на сегодня – Lenta.ru,https://lenta.ru/tags/persons/sobchak-kseniya/
собчак,Ксения Собчак — последние и свежие новости сегодня и за 2025 ...,https://iz.ru/tag/kseniia-sobchak
собчак,Никогда не успокоится: почему Собчак и Стрелец снова...,https://www.pravda.ru/news/showbiz/2314161-ksenija-sobchak/
собчак,"""Вкусила все прелести материнства"": как Ксения Собчак отдыхает...",https://spletnik.ru/vkusila-vse-prelesti-materinstva-kak-kseniya-sobchak-otdykhayet-s-synom-v-afrike-i-na-maldivakh-328882
собчак,Запрещенное интервью Собчак . Самое главное - ЭХО,https://echofm.online/opinions/chast-nashego-razgovora-kotoryj-ya-zapisyvala-na-svoj-diktofon
собчак,КСТАТИ #79 – Ксения Собчак ... — Видео от VK Видео | ВКонтакте,https://vk.com/video-220754053_456243796
собчак,"Обидела Михалкова за «донос Путину», но переобулась: как... | Дзен",https://dzen.ru/a/aSccKJmXjixmdW8w
собчак,Telegram: View @ksbchk,https://t.me/ksbchk/50905
собчак,«Никогда не успокоится»: Надежда Стрелец поругалась с Ксенией...,https://radio1.ru/news/shou-biznes/nikogda-ne-uspokoitsya-nadezhda-strelets-porugalas-s-kseniei-sobchak/
Долина,Долина,https://en.wikipedia.org/wiki/Долина
Долина,"Долина, Лариса Александровна — Википедия","https://ru.wikipedia.org/wiki/Долина,_Лариса_Александровна"
Долина,Долина вернет стоимость украденной квартиры благодаря...,https://www.gazeta.ru/culture/news/2025/11/27/27278725.shtml
Долина,Лариса Долина отсудила не только квартиру... | StarHit (СтарХит),https://www.StarHit.ru/novosti/larisa-dolina-otsudila-ne-tolko-kvartiru-obratno-no-i-poluchila-3-milliona-rublei-sverkhu-6684930/
Долина,"Лариса Долина — скандал с продажей квартиры, что решил суд",https://life.ru/p/1813995
Долина,"Лариса Долина — биография, личная жизнь, фото, новости ... Лариса Долина – По встречной (Премьера клипа 2020) - YouTube Лариса Долина: биография, семья, мужья, дети и подробности ... Лариса Долина. Официальный сайт Larisa Dolina - IMDb Лариса Долина (@larisa.dolina.official) - Instagram",https://24smi.org/celebrity/1117-larisa-dolin.html
Долина,"Лариса Долина – По встречной (Премьера клипа 2020) - YouTube Лариса Долина: биография, семья, мужья, дети и подробности ... Лариса Долина. Официальный сайт Larisa Dolina - IMDb Лариса Долина (@larisa.dolina.official) - Instagram",https://www.youtube.com/watch?v=IY_rgm1WQKE
Долина,"Лариса Долина: биография, семья, мужья, дети и подробности ...",https://lisa.ru/zvezdy/892342-larise-dolinoj-70-let-biografiya-lichnaya-zhizn-i-samye-gromkie-skandaly-svyazannye-so-zvezdoj/
Долина,Лариса Долина. Официальный сайт,https://larisadolina.com/
Долина,Лариса Долина (@larisa.dolina.official) - Instagram,https://www.instagram.com/larisa.dolina.official/
Долина,"Сменила еврейскую фамилию, а школьный аттестат купила... | Дзен",https://dzen.ru/a/ZuB3rmcOQztOTfcM
Долина,Покупательнице не вернули купленную у Долиной квартиру — РБК,https://www.RBC.ru/society/27/11/2025/69281b669a794773fc3f4d2d
Долина,В Подмосковье огласят приговор по делу о мошенничестве...,https://ria.ru/20251128/sud-2058233546.html
Долина,Суд по делу о квартире Ларисы Долиной : Последние... - KP.RU,https://www.kp.ru/daily/27748/5176726/
Долина,Забрать покупку: права Ларисы Долиной на квартиру подтвердили...,https://iz.ru/1998185/natalia-belova-sergei-iusov/zabrat-pokupku-prava-dolinoi-na-kvartiru-podtverdili-v-kassatcii
Долина,«Сама виновата!» «Бабкина схема»... - RuNews24.ru - 27.11.2025,https://runews24.ru/articles/27/11/2025/sama-vinovata-babkina-sxema-s-kvartirami-nabiraet-oborotyi-istoriya-dolinoj-verxushka-ajsberga
Долина,Кассационный суд оставил в силе решение по делу Долиной ...,https://smart-lab.ru/blog/1235727.php
Долина,Larisa Dolina - IMDb,https://www.imdb.com/name/nm0231053/
киргизии,"15 Фактов о Киргизии - стране, где небо касается земли",https://dzen.ru/a/aJFrvaXw3iRA8yNC
киргизии,"Отдых в Киргизии: путеводитель, туры, полезная информация",https://too.kg/
киргизии,"Отпуск в Киргизии 2025: куда поехать, чем заняться, что посмотреть ...",https://www.vokrugsveta.ru/travels/chto-posmotret-v-kirgizii-gid-po-strane-i-ee-glavnym-dostoprimechatelnostyam-dlya-samostoyatelnykh-turistov-id6467042/
киргизии,Всадники с армией Чингиз-хана и экран от провокаций... - KP.RU,https://www.kp.ru/daily/27748/5175711/
киргизии,Конец СВО и продвижение армии России: главные заявления...,https://crimea.ria.ru/20251127/konets-svo-i-prodvizhenie-armii-rossii-glavnye-zayavleniya-putina-v-kirgizii-1151237734.html
киргизии,Киргизия к приезду Путина закрыла флаг Украины LED-экраном...,https://lenta.ru/news/2025/11/27/kirgiziya-k-priezdu-putina-zakryla-flag-ukrainy-led-ekranom-s-izobrazheniem-flaga-rossii/
киргизии,Владимир Путин завершил визит в Киргизию | Коммерсантъ,https://www.kommersant.ru/doc/8232635
киргизии,Выступление Путина во время визита в Киргизию . Видео — РБК,https://www.RBC.ru/politics/27/11/2025/692834db9a7947a5567223c4
киргизии,Киргизия — Энциклопедия Руниверсалис,https://руни.рф/Киргизия
киргизии,Роль Киргизия играет в Центральной Азии : разбор,https://iz.ru/1997074/2025-11-26/kakuiu-rol-kirgiziia-igraet-v-tcentralnoi-azii-razbor
#LifeAITestnet,Tobin- VOX Enjoyer(@TobinArts) on Xstalk: -Lies... / Xstalk,https://xstalk.com/profile/TobinArts/status/1993844278259261594
#LifeAITestnet,Twitter Trends Russia: 1) Thanksgiving 2) BULLISH Airdrop 3 ...,https://vk.com/wall-178728507_117818
#LifeAITestnet,#DunkFSinHangzhou • Singapore • Twitter Trending Hashtag,https://getdaytrends.com/singapore/trend/#DunkFSinHangzhou/
#HealthcareAI,Healthcare AI,https://en.wikipedia.org/wiki/Healthcare_AI
#HealthcareAI,GitHub - HealthCatalyst/healthcareai-r: R tools for healthcare machine ...,https://github.com/HealthCatalyst/healthcareai-r
#HealthcareAI,HealthcareAI,https://ehealthcare.ai/
#HealthcareAI,AI in Healthcare Series: The Future of Personalized Healthcare ...,https://m.youtube.com/watch?v=pfbiHmRPmV8
#HealthcareAI,Number sign - Wikipedia,https://www.bing.com/ck/a?!&&p=dfadf8fcf4cbfc50d7d1974d22edd2a5b9adeb37bda1b1f1b7a9f87ddcac6bb9JmltdHM9MTc2NDIwMTYwMA&ptn=3&ver=2&hsh=4&fclid=0edc486a-4755-6bf4-3627-5ed846346a01&psq=#HealthcareAI&u=a1aHR0cHM6Ly9lbi5tLndpa2lwZWRpYS5vcmcvd2lraS9OdW1iZXJfc2lnbg&ntb=1
#HealthcareAI,Number sign | Meaning & Symbol | Britannica,https://www.bing.com/ck/a?!&&p=d5db2f14497e9d342995343efc411c832ef6693d81a9494e56c2f90fcddea671JmltdHM9MTc2NDIwMTYwMA&ptn=3&ver=2&hsh=4&fclid=0edc486a-4755-6bf4-3627-5ed846346a01&psq=#HealthcareAI&u=a1aHR0cHM6Ly93d3cuYnJpdGFubmljYS5jb20vdG9waWMvbnVtYmVyLXNpZ24&ntb=1
#HealthcareAI,Number Sign - Rules and Examples - GRAMMARIST,https://www.bing.com/ck/a?!&&p=5639bd9d42085175511307226d8f089ab54aea16d12b84028ee76c4007157c9aJmltdHM9MTc2NDIwMTYwMA&ptn=3&ver=2&hsh=4&fclid=0edc486a-4755-6bf4-3627-5ed846346a01&psq=#HealthcareAI&u=a1aHR0cHM6Ly9ncmFtbWFyaXN0LmNvbS9wdW5jdHVhdGlvbi9udW1iZXItc2lnbi8&ntb=1
#HealthcareAI,Number Sign Symbol,https://www.bing.com/ck/a?!&&p=ef6fa14d61a7169d14202fe44aa4a113002b5a2f289d85c4776f4f5cea5709d3JmltdHM9MTc2NDIwMTYwMA&ptn=3&ver=2&hsh=4&fclid=0edc486a-4755-6bf4-3627-5ed846346a01&psq=#HealthcareAI&u=a1aHR0cHM6Ly93d3cuc3ltYm9scy5jb20vc3ltYm9sL251bWJlci1zaWdu&ntb=1
#HealthcareAI,"Number Sign (#): Definition, Examples & Quiz - ultimatelexicon.com",https://www.bing.com/ck/a?!&&p=0c42e3cc2e66abf4cfe56220c38c6e7152a2662dea0e72384316df9619ff21d9JmltdHM9MTc2NDIwMTYwMA&ptn=3&ver=2&hsh=4&fclid=0edc486a-4755-6bf4-3627-5ed846346a01&psq=#HealthcareAI&u=a1aHR0cHM6Ly91bHRpbWF0ZWxleGljb24uY29tL2RlZmluaXRpb25zL24vbnVtYmVyLXNpZ24v&ntb=1
#HealthcareAI,NUMBER SIGN Definition & Meaning - Merriam-Webster,https://www.bing.com/ck/a?!&&p=90422b34b522200903c2a7a17e0c67c96ab8aab719524806d5113fde6332470eJmltdHM9MTc2NDIwMTYwMA&ptn=3&ver=2&hsh=4&fclid=0edc486a-4755-6bf4-3627-5ed846346a01&psq=#HealthcareAI&u=a1aHR0cHM6Ly93d3cubWVycmlhbS13ZWJzdGVyLmNvbS9kaWN0aW9uYXJ5L251bWJlciUyMHNpZ24&ntb=1
#HealthcareAI,NUMBER SIGN | definition in the Cambridge English Dictionary,https://www.bing.com/ck/a?!&&p=3123d93355b49cbacadb8d845ca1a0e037c8b68493c39db6def328ed22baf0d2JmltdHM9MTc2NDIwMTYwMA&ptn=3&ver=2&hsh=4&fclid=0edc486a-4755-6bf4-3627-5ed846346a01&psq=#HealthcareAI&u=a1aHR0cHM6Ly9kaWN0aW9uYXJ5LmNhbWJyaWRnZS5vcmcvdXMvZGljdGlvbmFyeS9lbmdsaXNoL251bWJlci1zaWdu&ntb=1
#HealthcareAI,number sign (\#) - Microsoft Style Guide | Microsoft Learn,https://www.bing.com/ck/a?!&&p=d0e8d7c616b0a7dc8f076cfdb335b1bf70df7bbc0df399e8ae48be696280b244JmltdHM9MTc2NDIwMTYwMA&ptn=3&ver=2&hsh=4&fclid=0edc486a-4755-6bf4-3627-5ed846346a01&psq=#HealthcareAI&u=a1aHR0cHM6Ly9sZWFybi5taWNyb3NvZnQuY29tL2VuLXVzL3N0eWxlLWd1aWRlL2Etei13b3JkLWxpc3QtdGVybS1jb2xsZWN0aW9ucy9uL251bWJlci1zaWdu&ntb=1
#HealthcareAI,"Number Sign #: Unicode, Alt Code, HTML, Copy & Paste",https://www.bing.com/ck/a?!&&p=c379495c5eac44bd75a54cb129713c4c6ef68b207a7e8ac6ed716b27af1266a0JmltdHM9MTc2NDIwMTYwMA&ptn=3&ver=2&hsh=4&fclid=0edc486a-4755-6bf4-3627-5ed846346a01&psq=#HealthcareAI&u=a1aHR0cHM6Ly9zeW1ib2x3aWtpLmNvbS9lbi9udW1iZXI&ntb=1
#HealthcareAI,Writing Tips: How to Use the Number Sign (#) - Proofed,https://www.bing.com/ck/a?!&&p=5bafbf0d305beec5298ff02be009e0aff0e096f121c9924232fe1b56107b4188JmltdHM9MTc2NDIwMTYwMA&ptn=3&ver=2&hsh=4&fclid=0edc486a-4755-6bf4-3627-5ed846346a01&psq=#HealthcareAI&u=a1aHR0cHM6Ly9wcm9vZmVkLmNvbS93cml0aW5nLXRpcHMvd3JpdGluZy10aXBzLWhvdy10by11c2UtdGhlLW51bWJlci1zaWduLw&ntb=1
#HealthcareAI,World Health AI - Healthcare AI Conferences,https://www.worldhealth.ai/
#HealthcareAI,AI in Healthcare | Artificial intelligence in healthcare news,https://aiin.healthcare/
#HealthcareAI,Health AI - Google AI,https://ai.google/health/
#HealthcareAI,Generative AI in healthcare: Current trends and future outlook,https://www.mckinsey.com/industries/healthcare/our-insights/generative-ai-in-healthcare-current-trends-and-future-outlook
#HealthcareAI,Artificial intelligence (AI) in healthcare | Google Cloud,https://cloud.google.com/use-cases/ai-in-healthcare
#HealthcareAI,Healthcare AI Models,https://microsoft.github.io/healthcareai-examples/
вс рф,ВС РК,https://en.wikipedia.org/wiki/ВС_РК
вс рф,Верховный Суд Российской Федерации,https://vsrf.ru/
вс рф,Официальный сайт Верховного Суда Российской Федерации,http://www.vsrf.ru/about/info/systems/oficial_sait/
вс рф,Калькулятор расчета госпошлины,https://vsrf.ru/lk/calculator/list
вс рф,Обзор судебной практики по делам о банкротстве граждан,https://vsrf.ru/documents/all/34516/
вс рф,Документы Верховного Суда Российской Федерации,https://vsrf.ru/documents/own/?category=resolutions_plenum_supreme_court_russian&year_current=1
вс рф,ПОСТАНОВЛЕНИЕ ПЛЕНУМА ВЕРХОВНОГО СУДА …,https://vsrf.ru/documents/own/31761/
вс рф,ПОСТАНОВЛЕНИЕ ПЛЕНУМА ВЕРХОВНОГО СУДА …,https://vsrf.ru/documents/own/30139/
вс рф,Контактная информация — Верховный Суд Российской …,https://vsrf.ru/contacts/
вс рф,"Официальный представитель ВС РФ разъяснил, как изменятся …",https://vsrf.ru/press_center/mass_media/33791/
вс рф,ПОСТАНОВЛЕНИЕ ПЛЕНУМА ВЕРХОВНОГО СУДА,https://www.vsrf.ru/documents/own/8453/
вс рф,Верховный Суд Российской Федерации,https://www.vsrf.ru/
вс рф,"Презентация по обж, ОБЗР на тему ""Состав и назначение...""",https://infourok.ru/prezentaciya-po-obzh-obzr-na-temu-sostav-i-naznachenie-vooruzhennyh-sil-rossijskoj-federacii-8-11-klass-7303413.html
вс рф,Вооруженные силы РФ - последние новости сегодня - РИА...,https://ria.ru/organization_Vooruzhennye_sily_RF/
вс рф,ВС РФ закрепляют свои позиции в Волчанске — идёт финальная...,https://life.ru/p/1814211
вс рф,Спецоперация на Украине - последние новости сегодня,https://smotrim.ru/vesti/specoperaciya
вс рф,Минобороны России сегодня: свежие новости... - Рамблер/новости,https://news.rambler.ru/organization/minoborony-rossii/
вс рф,Вооруженные силы РФ – последние новости – Lenta.ru,https://lenta.ru/tags/organizations/vooruzhennye-sily-rf/
вс рф,Каллас призвала к сокращению численности армии и военного...,https://www.gazeta.ru/politics/2025/11/26/22089709.shtml
вс рф,Брифинг Минобороны РФ : новые данные о ходе спецоперации 27...,https://glasnarod.ru/specoperaciya/brifing-minoborony-rf-novye-dannye-o-hode-specoperacii-27-noyabrya-2025-goda/
уиткоффа,"Уиткофф, Стив — Википедия","https://ru.wikipedia.org/wiki/Уиткофф,_Стив"
уиткоффа,Новая норма — почему публикация разговора Уиткоффа с Ушаковым ...,https://www.bbc.com/russian/articles/crrkwdj5jzgo
уиткоффа,За утечкой переговоров Стивена Уиткоффа и Юрия Ушакова могут ...,https://www.1tv.ru/news/2025-11-27/527060-za_utechkoy_peregovorov_stivena_uitkoffa_i_yuriya_ushakova_mogut_stoyat_evropeyskie_spetssluzhby
уиткоффа,Трамп анонсировал встречу Уиткоффа с Путиным на следующей неделе: в ...,https://www.pravda.com.ua/rus/news/2025/11/26/8009006/
уиткоффа,Трамп послал Уиткоффа к Путину обсудить «план Уиткоффа-Путина»? День ...,https://www.rfi.fr/ru/украина/20251126-трамп-послал-уиткоффа-к-путину-обсудить-план-уиткоффа-путина-день-переговоров-о-мирном-плане-завершился-громким-открытием
уиткоффа,Утечка разговора показала близость Уиткоффа к Москве и его подыгрывание ...,https://www.unian.net/world/stiv-uitkoff-utechka-razgovora-s-kremlem-pokazala-ego-neopytnost-13207887.html
уиткоффа,Слив разговоров Уиткоффа с Кремлем: что будет... | 360.ru,https://360.ru/tekst/mir/zamena-uitkoffa-stanet-lichnoj-katastrofoj-rubio-kto-slushaet-i-slivaet-razgovory-s-kremlem/
уиткоффа,"Визит Уиткоффа в Москву остается в силе, несмотря на...",https://www.kommersant.ru/doc/8232064
уиткоффа,"Прослушка Ушакова, Уиткоффа и Дмитриева. Что известно и что...",https://www.currenttime.tv/a/glavnoe-proslushka-ushakova-uitkoffa-i-dmitrieva-chto-my-uznali-i-chto-govorit-po-etomu-povodu-tramp/33605846.html
уиткоффа,Новая норма — почему публикация разговора Уиткоффа ...,https://www.nur.kz/world/2313594-novaya-norma-pochemu-publikaciya-razgovora-uitkoffa-s-ushakovym-ne-postavit-krest-na-peregovorah-o-mire-v-ukraine/
уиткоффа,Песков назвал призывы уволить Уиткоффа попыткой сорвать...,https://www.RBC.ru/politics/26/11/2025/692716c29a79476312dacc0e
уиткоффа,Скандал с «плёнками Уиткоффа » - и короткая память западных...,https://sevastopol.su/news/skandal-s-plyonkami-uitkoffa-i-korotkaya-pamyat-zapadnykh-smi
уиткоффа,Путин прокомментировал нападки на Уиткоффа - РИА Новости...,https://ria.ru/20251127/putin-2058109014.html
уиткоффа,Уиткофф — «полезный идиот» или козел отпущения? | Дзен,https://dzen.ru/a/aSeoVZmXjixmhw6A
уиткоффа,Уиткоффу вонзили нож в спину: развязка стремительно...,https://www.mk.ru/politics/2025/11/26/uitkoffu-vonzili-nozh-v-spinu-razvyazka-stremitelno-priblizhaetsya.html
уиткоффа,Сорвать переговоры не получилось. В США нервничают из-за...,https://aif.ru/politics/world/sorvat-peregovory-ne-poluchilos-v-ssha-nervnichayut-iz-za-raboty-uitkoffa
уиткоффа,Стив Уиткофф - что известно о прошлом политика и отношении к ...,https://24tv.ua/geopolitics/ru/stiv-uitkoff-chto-izvestno-o-proshlom-politika-i-otnoshenii-k-rossii-geopolitika_n2959784
уиткоффа,"Уиткофф консультровал Кремль о том, как представить Трампу ...",https://meduza.io/feature/2025/11/26/uitkoff-konsultroval-kreml-o-tom-kak-predstavit-trampu-mirnyy-plan-po-ukraine
уиткоффа,"Стив Уиткофф биография, фото, карьера, личная жизнь",https://www.rbc.ru/person/67b0695d9a7947d1b543ba80
уиткоффа,"Стив Уиткофф — биография, личная жизнь, фото, новости ...",https://24smi.org/celebrity/390478-stiv-uitkoff.html
америка,Амурская область,https://en.wikipedia.org/wiki/Амурская_область
америка,Xe Currency Converter - Live Exchange Rates Today,https://www.xe.com/currencyconverter/
америка,Currency Converter - Bank of Canada,https://www.bankofcanada.ca/rates/exchange/currency-converter/
америка,Free Currency Converter | Live Currency Exchange Rates Calculator,https://www.exchange-rates.org/converter
америка,Currency Converter | Foreign Exchange Rates | Wise,https://wise.com/us/currency-converter/
америка,Currency Calculator,https://www.calculator.net/currency-calculator.html
америка,Foreign Exchange Currency Converter - RBC Royal Bank,https://apps.royalbank.com/apps/foreign-exchange-calculator
америка,Currency Converter - Desjardins,https://www.desjardins.com/en/rates/exchange-rates/currency-converter.html
америка,Currency Converter - Real-Time Exchange Rates | CurrencyCalc,https://currencycalc.io/
америка,1 USD to CAD - US Dollars to Canadian Dollars Exchange Rate - Xe,https://www.xe.com/en-ca/currencyconverter/convert/?Amount=1&From=USD&To=CAD
америка,Currency Converter & Live Exchange Rates | TD Canada Trust,https://www.td.com/ca/en/personal-banking/solutions/exchange/currency-converter
отличная,ОТЛИЧНАЯ translation in English | Russian ... - Reverso,https://dictionary.reverso.net/russian-english/отличная
отличная,Отличная – перевод с русского на английский – Яндекс Переводчик,https://translate.yandex.ru/dictionary/Русский-Английский/отличная
отличная,отличная - English translation – Linguee,https://www.linguee.com/russian-english/translation/отличная.html
отличная,отличная — Russian to English translation – Yandex Translate,https://translate.yandex.com/en/dictionary/Russian-English/отличная
отличная,"Отличная - перевод слова на английский, примеры, транскрипция.",https://wooordhunt.ru/word/отличная
отличная,отличная - Английский перевод – Словарь Linguee,https://www.linguee.ru/русский-английский/перевод/отличная.html
отличная,"Немая девушка в Хорошая пицца, Отличная пицца",https://gadgetplay.ru/nemaya-devushka-v-xoroshaya-picca-otlichnaya-picca/
отличная,"""Хорошая пицца, отличная пицца"", какую пиццу приготовить...",https://www.bolshoyvopros.ru/questions/4094777-horoshaja-picca-otlichnaja-picca-kakuju-piccu-prigotovit-nemoj-devushke.html
отличная,Отличная Гимнастика для СТОП и укрепления голеностопа на...,https://yandex.ru/video/preview/4259762957983934428
отличная,Куриная пастрома - отличная закуска на бутерброды (рецепт) - tv.ua,https://tv.ua/trend/recipes/1028642-kurinaya-pastroma-otlichnaya-zakuska-na-buterbrody
отличная,"отличная - Wiktionary, the free dictionary",https://en.wiktionary.org/wiki/отличная
отличная,Как сказать по- английски : «у меня все отлично »? 1. I’m very well.,https://vk.com/wall-211951929_381
отличная,В Волшебной стране бывает два типа погоды... - ответ на Uchi.ru,https://uchi.ru/otvety/questions/v-volshebnoy-strane-bivaet-dva-tipa-pogodi-horoshaya-i-otlichnaya-prichyom-pogoda-ustanov
отличная,РОБОТ ХОЧЕТ УКРАСТЬ мои РЕЦЕПТЫ Хорошая пицца... | Дзен,https://dzen.ru/video/watch/647f06dd93a8af69da5c67e5
отличная,Доброго Утра И Отличного Дня,https://ru.pinterest.com/ideas/доброго-утра-и-отличного-дня/952494661777/
отличная,Загородный клуб ARTILAND- Официальный сайт клуба!,https://www.arti-land.ru/
отличная,"На берегу голубых озер: места Латгалии, где можно отлично ...",https://rus.delfi.lv/turgid/43988046/turisms/52146891/na-beregu-golubyh-ozer-mesta-latgalii-gde-mozhno-otlichno-porybachit-i-provesti-vremya-s-semey
господь,"Господ постои, името ѝ е Петрунија","https://en.wikipedia.org/wiki/Господ_постои,_името_ѝ_е_Петрунија"
господь,ГОСПОДЬ ВСЕ УПРАВИТ? В нашей жизни бывает немало...,https://vk.com/wall-7602563_118291
господь,Господь – Ты Пастырь мой! | ВРЕМЯ ПРОБУЖДЕНИЯ... | Дзен,https://dzen.ru/video/watch/6676cdaeab7d4774f9f0a905
господь,"Приди огнём своим, господь . - Смотреть онлайн в поиске Яндекса...",https://yandex.ru/video/preview/6576704584454070208
господь,"Любит ли меня господь , и примет ли Господь меня и моих близких в царство божие, ...",https://otvet.mail.ru/question/173979920
господь,Всевышний Господь сказал: وَخُلِقَ الْإِنسَانُ ضَعِيفًا...,https://mom.life/post/6355aa06de3ef5000434dacf-vsevyshnij-gospod-skazal
господь,"Авана Я пришел к Тебе, Господь | Слова | Аккорды | Скачать",https://holychords.pro/77455
господь,Господь поднял меня,https://godembassy.org/main/centralnaja-cerkov/2019-12-03-03-49-54/item/6031-gospod-podnyal-menya.html
господь,Афонский монах - о лучшем подарке для Бога: Господь ... | УНИАН,https://religions.unian.net/afon/2164804-afonskiy-monah-o-luchshem-podarke-dlya-boga-gospod-vsegda-jdet-nas-kak-byi-myi-daleko-ne-ushli-ot-nego.html
господь,Доказательство любви жены к мужу — Virtuous Motherhood,https://www.virtuousmotherhood.com/blog/lovehusband
господь,Telegram: View @ddanilov_blog,https://t.me/ddanilov_blog/888
господь,Revista de Literatura Mexicana Contemporánea,https://www.utep.edu/liberalarts/rlmc/
господь,Literatura Mexicana - UNAM,https://revistas-filologicas.unam.mx/literatura-mexicana/index.php/lm
господь,10 autores mexicanos contemporáneos - Gatopardo,https://gatopardo.com/arte-y-cultura/10-autores-mexicanos-contemporaneos
господь,Literatura mexicana contemporánea : Un auge internacional que no...,https://elfarodemexico.com.mx/literatura-contemporanea-mexicana/
господь,Literatura Mexicana Contemporánea – El Ventanillo,https://elventanillo.uanl.mx/tag/literatura-mexicana-contemporanea/
господь,Explora la literatura mexicana contemporánea,https://www.diariopresente.mx/cultura/explora-la-literatura-mexicana-contemporanea/431136
господь,Expresiones de la Literatura del México Contemporáneo - CUIH,https://cuih.edu.mx/expresiones-de-la-literatura-del-mexico-contemporaneo/
господь,Revista de Literatura Mexicana Contemporánea - Detalle de …,https://www.elem.mx/institucion/datos/2983
господь,Literatura mexicana contemporánea – Roxana Rodríguez Ortiz,https://roxanarodriguezortiz.com/teoria-de-la-literatura-y-literatura-comparada/literatura-mexicana-contemporanea/
запад,запад – English translation,https://www.multitran.com/dictionary/russian-english/запад
запад,"""К границам русских"": на Западе раскрыли, как решили поступить...",https://ria.ru/20251128/zapad-2058226073.html
запад,"Термины «Европа» и « Запад », особенно часто употребляемые...",https://vk.com/wall-45113453_639058
запад,"Как без компаса определить где находится север, юг, запад ... | Дзен",https://dzen.ru/a/ZbDr7kGrQgbf5HkH
запад,"Украина и война, проигранная Западом ... | 27.11.2025, ИноСМИ",https://inosmi.ru/20251127/zavershenie-275848839.html
запад,Запад на сетке Багуа (фен-шуй) - какие особенности у этой зоны?,https://www.bolshoyvopros.ru/questions/2077166-zapad-na-setke-bagua-fen-shuj-kakie-osobennosti-u-etoj-zony.html
запад,Сравните положение городов на западе ... - ответ на Uchi.ru,https://uchi.ru/otvety/questions/sravnite-polozhenie-gorodov-na-zapade-i-vostoke-16-18-vek
запад,Запад активнее будет поддерживать Украину: эксперт об...,https://24tv.ua/ru/zapad_aktivnee_budet_podderzhivat_ukrainu_jekspert_ob_obostrenii_otnoshenij_ssha_i_rossii_n953652
запад,FAZ: Запад должен сплотиться – DW – 16.02.2016,https://www.dw.com/ru/faz-запад-должен-сплотиться/a-19049926
запад,Hd Porn HD Videos - HQporner .com,https://hqporner.com/?q=hd
запад,HQ Porner Latest Updates: Free Full-Length Porn Videos,https://www.hqporner.gg/latest-updates/
запад,HQporner & 165+ Free Porn Tube Sites Like Hqporner .com,https://theporndude.com/2356/hqporner
Europe,Anadolu Ajansı: Europe confronts ‘unthinkable’ options amid escalating...,https://www.aa.com.tr/en/europe/europe-confronts-unthinkable-options-amid-escalating-russian-threats-report/3756243
Europe,"The Council of Europe : guardian of Human Rights, Democracy and the...",https://www.coe.int/en/web/portal/home
Europe,Europe scrambles to join Ukraine talks as EU nations... | The Guardian,https://www.theguardian.com/world/live/2025/nov/27/russia-ukraine-war-peace-deal-eu-europe-latest-news-updates
Europe,Russia ready to provide Europe with written security guarantees – Putin,https://www.rt.com/russia/628557-putin-attack-europe-russia/
Europe,The Paradox of Europe ’s Trumpian Right | Foreign Affairs,https://www.foreignaffairs.com/europe/paradox-europes-trumpian-right
Europe,"If the fighting ends in Ukraine, the infighting in Europe will begin",https://www.economist.com/europe/2025/11/27/if-the-fighting-ends-in-ukraine-the-infighting-in-europe-will-begin
Europe,Europe 's Strategic Failure: Why the EU Can't Stand Up to... | UKColumn,https://www.ukcolumn.org/video/europes-strategic-failure-why-the-eu-cant-stand-up-to-the-us-on-china-arnaud-bertrand
Europe,Russia accuses Europe of 'meddling' in Ukraine peace plan – DW...,https://www.dw.com/en/russia-accuses-europe-of-meddling-in-ukraine-peace-plan/live-74899120
Europe,Where is Europe? Where is Europe Located in the World Map,https://www.mapsofworld.com/europe/where-is-europe.html
здравствуйте,! Приветствие - на разных языках мира: Здравствуйте !,https://vk.com/wall-175630103_679401
здравствуйте,Здравствуйте У меня воз… - вопрос №3573406 - Русский язык,https://www.LiveExpert.org/topic/view/3573406-zdravstvujte-u-menya-voznik-vopros-kak-zhe-vse-taki-pravilno-s-tochki-zreniya-pravil-russkogo-yazika-ponyat-sut-dannogo-predlozheniya
здравствуйте,выбор слова - When is it more appropriate to use здравствуйте …,https://russian.stackexchange.com/questions/2/when-is-it-more-appropriate-to-use-здравствуйте-rather-than-привет
здравствуйте,"пунктуация - Do I need a comma in ""Здравствуйте вновь!""?",https://russian.stackexchange.com/questions/23212/do-i-need-a-comma-in-Здравствуйте-вновь
здравствуйте,Текст | Omamedia - мультиязычный портал Карелии,https://omamedia.ru/mediacenter/learn-lang/livvikovskiy-karelskiy/nachalnyy-uroven/lesson?id=144&step=5
здравствуйте,"Are there rules for shortening words? Like ""здрасте"" instead of ...",https://russian.stackexchange.com/questions/281/are-there-rules-for-shortening-words-like-здрасте-instead-of-здравствуйте
здравствуйте,When is it appropriate to use «алло»?,https://russian.stackexchange.com/questions/2339/when-is-it-appropriate-to-use-алло
здравствуйте,приветствия - Casual Terms of Endearment in Greetings - Russian …,https://russian.stackexchange.com/questions/8351/casual-terms-of-endearment-in-greetings
здравствуйте,Не по глазам - что это значит?,https://russian.stackexchange.com/questions/14827/Не-по-глазам-что-это-значит
здравствуйте,Plural Form Help? (What are the forms of девочка),https://russian.stackexchange.com/questions/8392/plural-form-help-what-are-the-forms-of-девочка
здравствуйте,What is the difference between несколько and много?,https://russian.stackexchange.com/questions/11167/what-is-the-difference-between-несколько-and-много
здравствуйте,MACAN & Три дня дождя (TDD) – Здравствуй ... | Genius Lyrics,https://genius.com/Macan-and-tdd-hello-lyrics
здравствуйте,Form of address when you don't know patronymic,https://russian.stackexchange.com/questions/15897/form-of-address-when-you-dont-know-patronymic
видимо,Вадим Гутцайт,https://en.wikipedia.org/wiki/Вадим_Гутцайт
видимо,Градусы - Видимо - Слушать онлайн. Музыка Mail.Ru,https://m.my.mail.ru/music/songs/градусы-видимо-287f8fe576593f3d08febb894f354afd
видимо,NXN - Видимо текст песни | TxTsong,https://txtsong.ru/nxn/nxn-vidimo/
видимо,"Видимо -Невидимо - Николай Гринько: Song Lyrics, Music Videos...",https://www.shazam.com/song/1545736054/vidimo-nevidimo
видимо,Мандаринки-Ты видимо подумал что ты лучший в мире трахер?!,https://vk.com/video280304751_170895484
видимо,HARMINE & LIL MAMBL - Видимо Невидимо » Тексты... - TixTix.Ru,https://tixtix.ru/6897-harmine-amp-lil-mambl-vidimo-nevidimo.html
видимо,"Игра "" Видимо _Я""",https://www.planeta-peremen.ru/vidimo-ya
видимо,Градусы — Видимо | Аккорды к Песне (chords) | rerura.com,https://rerura.com/chords/градусы-видимо-96362
видимо,Составить 3 простых и 3 сложных предложения... - ответ на Uchi.ru,https://uchi.ru/otvety/questions/sostavit-3-prostih-i-3-slozhnih-predlozheniya-s-slovosochetaniyami-davnim-davno-voley-nev
видимо,Вводное слово + наречие: pishu_pravilno — ЖЖ,https://pishu-pravilno.livejournal.com/4820256.html
видимо,2. Определите значение вводного слова: Где-то поблизости...,https://www.euroki.org/koza/opredelite-znachenie-vvodnogo-slovagdeto-poblizosti-vidimo-byl-vodopad-poryadok-mysli--predpolozhenie
видимо,YouTube Music,https://music.youtube.com/
видимо,YouTube Music - YouTube,https://www.youtube.com/channel/UCStaiwu-FAgp_RC_tBiLh9A
видимо,Music,https://music.youtube.com/channel/UC-9-kyTW8ZkZNDHQJ6FgpwQ
видимо,YouTube - YouTube,https://www.youtube.com/YouTube/music
видимо,Music Premium - YouTube,https://www.youtube.com/premium/music
видимо,YouTube Music - Apps on Google Play,https://play.google.com/store/apps/details?id=com.google.android.apps.youtube.music&hl=en_US
видимо,YouTube Music App - App Store,https://apps.apple.com/us/app/youtube-music/id1017492454
видимо,Top Hits 2025 Playlist ~ Trending Music 2025 Viral ... - YouTube,https://www.youtube.com/watch?v=bGE4NGG3QZs
видимо,YouTube Music : The guide to getting started - YouTube Blog,https://blog.youtube/news-and-events/get-started-youtube-music/
Гитлер,"Гитлер , Адольф — Википедия","https://ru.wikipedia.org/wiki/Гитлер,_Адольф"
Гитлер,Adolf Hitler - Wikipedia,https://en.m.wikipedia.org/wiki/Adolf_Hitler
Гитлер,Адольф Гитлер отрекся от фамилии накануне выборов... - KP.RU,https://www.kp.ru/online/news/6692766/
Гитлер,Адольф Гитлер снова пришел к власти и сменил фамилию...,https://www.gazeta.ru/politics/news/2025/11/27/27283015.shtml
Гитлер,"Адольф Гитлер ""покоряет"" Африку: тезка фюрера не стремится...",https://www.mk.ru/politics/2025/11/26/adolf-gitler-pokoryaet-afriku-tezka-fyurera-ne-stremitsya-k-mirovomu-gospodstvu.html
Гитлер,Гитлер в пятый раз подряд победил на выборах в Намибии...,https://rg.ru/2025/11/27/adolf-gitler-v-piatyj-raz-podriad-pobedil-na-vyborah-v-namibii.html
Гитлер,В Намибии Адольф Гитлер в пятый раз поборется за пост... | Дзен,https://dzen.ru/a/aSSLAFJLY2cMmhsj
Гитлер,Адольф Гитлер снова примет участие в выборах: Политика: Мир...,https://lenta.ru/news/2025/11/24/adolf-gitler-zahotel-stat-liderom-strany/
Гитлер,Адольф Гитлер из Намибии в пятый раз пошел на выборы — РБК,https://www.RBC.ru/rbcfreenews/6924613a9a794740a15e7b38
Гитлер,Адольф Гитлер | Энциклопедия Холокоста,https://encyclopedia.ushmm.org/content/ru/article/adolf-hitler
Гитлер,"Гитлер , Адольф (1889-1945) | Энциклопедия Холокоста | Яд …",https://www.yadvashem.org/ru/holocaust/lexicon/hitler-adolf.html
Гитлер,Кто такой Адольф Гитлер ? - About Holocaust,https://aboutholocaust.org/ru/facts/kto-takoj-adolf-gitler
Гитлер,Адольф Гитлер,https://globhistory.org/ru/country/adolf_gitler
Гитлер,Telegram: View @gazetaru,https://t.me/gazetaru/61291
Гитлер,Find and save ideas about adolf hitler on Pinterest.,https://www.pinterest.com/ideas/adolf-hi̇tler/959371446504/
Гитлер,Google News - News about Adolf Hitler Uunona • politician - Overview,https://news.google.com/stories/CAAqNggKIjBDQklTSGpvSmMzUnZjbmt0TXpZd1NoRUtEd2p4b1l1RkVCR29vSzd5b2VzMFV5Z0FQAQ?hl=en-IN&gl=IN&ceid=IN:en
Гитлер,"Adolf Hitler | History, Biography, Actions, & Facts | Britannica",https://www.britannica.com/biography/Adolf-Hitler
Гитлер,Adolf Hitler - World History Encyclopedia,https://www.worldhistory.org/Adolf_Hitler/
Гитлер,Adolf Hitler – DW,https://m.dw.com/en/adolf-hitler/t-19234242
Гитлер,Adolf Hitler: Man and monster - BBC Teach,https://www.bbc.co.uk/teach/articles/zbrx8xs
однозначно,What does однозначно (odnoznachno) mean in Russian?,https://www.wordhippo.com/what-is/the-meaning-of/russian-word-f31470d7a9384cf517b325ac4be19b8444706832.html
однозначно,Значение слова ОДНОЗНАЧНО. Что такое ОДНОЗНАЧНО?,https://kartaslov.ru/значение-слова/однозначно
однозначно,"Однозначно — переводы в контексте, примеры | Русско ...",https://wooordhunt.ru/переводы/однозначно
однозначно,ОДНОЗНАЧНО - Translation in English - bab.la,https://en.bab.la/dictionary/russian-english/однозначно
однозначно,однозначно - English translation – Linguee,https://www.linguee.com/russian-english/translation/однозначно.html
однозначно,однозначно — Викисловарь,https://ru.m.wiktionary.org/wiki/однозначно
однозначно,однозначно - Перевод на английский - примеры русский | Reverso Context,https://context.reverso.net/перевод/русский-английский/однозначно
однозначно,однозначно in English - Russian-English Dictionary | Glosbe,https://glosbe.com/ru/en/однозначно
однозначно,однозначно - English translation,https://www.multitran.com/dictionary/russian-english/однозначно
однозначно,однозначно | это... Что такое однозначно?,https://dic.academic.ru/dic.nsf/dic_synonims/102056/однозначно
однозначно,однозначно — Викисловарь,https://ru.wiktionary.org/wiki/однозначно
однозначно,однозначно translation in English - Reverso,https://dictionary.reverso.net/russian-english/однозначно
однозначно,« Однозначно »: нужна ли запятая Правила пунктуации помогают...,https://vk.com/wall-162809343_6754
однозначно,Подонки! Однозначно - Анатолий Матвиенко - читать книгу...,https://author.today/work/515301
однозначно,Жириновский - Однозначно - Смотреть онлайн в поиске Яндекса...,https://yandex.ru/video/preview/8058139355577749064
однозначно,"Группа Однозначно - цепляет! в ОК! Вступай, читай, общайся в ОК...",https://m.ok.ru/group/56854680240184
однозначно,«Все не так однозначно »: хозяева «не знают всей... - Афиша Daily,https://daily.afisha.ru/infoporn/22793-vse-ne-tak-odnoznachno-hozyaeva-ne-znayut-vsey-pravdy-o-kradenoy-ede-i-porvannyh-oboyah/
однозначно,"Что это за мем ""не все так однозначно ""? Кто использовал его...",https://www.bolshoyvopros.ru/questions/4002694-chto-eto-za-mem-ne-vse-tak-odnoznachno-kto-ispolzoval-ego-pervym.html
однозначно,"""Условия для перемирия"" в польском СМИ — однозначно ...",https://uatv.ua/usloviya-dlya-peremiriya-v-polskom-smi-odnoznachno-rossijskie-hotelki-publikatsiya-vyglyadit-ochen-somnitelno-politolog/
однозначно,СВЯТАЯ ТЫ И ГРЕШНАЯ / Однозначно ХИТ! | Дмитрий... | Дзен,https://dzen.ru/video/watch/6228695636c0de10ce909b82
China,Portal:China - Wikipedia,https://en.wikipedia.org/wiki/Portal:China
China,"Breaking China , Asia, HK News, Opinions and Insights | South China ...",https://www.scmp.com/
China,China is making trade impossible,https://www.ft.com/content/f294be55-98c4-48f0-abce-9041ed236a44
China,Millions in China cram for civil service exam and the... | The Guardian,https://www.theguardian.com/world/2025/nov/28/china-civil-service-exam-age-limit-changed
China,China successfully launches Shenzhou-22 spacecraft... - Global Times,https://www.globaltimes.cn/page/202511/1349005.shtml
China,Unbelievable Beauty: China 's Most Stunning Hidden Gems | Evytor Daily,https://evytor.vercel.app/blogs/most-beautiful-places-in-china-you-wont-believe-exist
China,China 's hybrid-bonded AI accelerators could rival... | Tom's Hardware,https://www.tomshardware.com/tech-industry/artificial-intelligence/chinas-hybrid-bonded-ai-accelerators-could-rival-nvidias-blackwell-gpus-top-semiconductor-expert-hints-at-fully-controllable-domestic-solution
China,How far will China go in its feud with Japan over Taiwan?,https://www.dw.com/en/china-japan-tensions-taiwan-explained-sanae-takaichi-comments-what-happens-next/a-74800962
