Rank,Term,ResultIndex,Title,URL,Timestamp
1,#CurrysPurpleFriday,1,"""#CurrysPurpleFriday"" - Results on X | Live Posts & Updates",https://x.com/search?q=%23CurrysPurpleFriday,2025-11-19T14:14:09Z
1,#CurrysPurpleFriday,2,"Buffalo, New York is blanketed in a stunning winter wonderland as ...",https://www.facebook.com/61569040580906/videos/%EF%B8%8F-buffalo-new-york-is-blanketed-in-a-stunning-winter-wonderland-as-heavy-snowfal/2856883601136594/,2025-11-19T14:14:09Z
1,#CurrysPurpleFriday,3,@currys Chicago PD #CurrysPurpleFriday,https://x.com/traceycardlette/status/1862558681608462807,2025-11-19T14:14:09Z
1,#CurrysPurpleFriday,4,You're always welcome @thedonutdaddy x,https://www.instagram.com/reel/DHJbZevNW9A/?hl=en,2025-11-19T14:14:09Z
1,#CurrysPurpleFriday,5,GIVEAWAY TIME We're celebrating this Black Friday with a full day ...,https://x.com/currys/status/1991068993663152383,2025-11-19T14:14:09Z
1,#CurrysPurpleFriday,6,we heard your callout @argos dw “it's better than yours”,https://www.instagram.com/reel/DOv_LyGjEOu/we-heard-your-callout-argos-dw-its-better-than-yours/?hl=en,2025-11-19T14:14:09Z
1,#CurrysPurpleFriday,7,TwStalker: Worldwide - Realtime Twitter trending hashtag and topics,https://twstalker.com/,2025-11-19T14:14:09Z
1,#CurrysPurpleFriday,8,Good for when you're hanging around on shift! #snapdragonxseries ...,https://www.instagram.com/reel/DNaQ6owMFLC/good-for-when-youre-hanging-around-on-shift-snapdragonxseries-currys/?hl=en,2025-11-19T14:14:09Z
1,#CurrysPurpleFriday,9,"Edinburgh, United Kingdom — X (Twitter) trending topics and ...",https://trends24.in/united-kingdom/edinburgh/,2025-11-19T14:14:09Z
1,#CurrysPurpleFriday,10,القرارات الماليه السليمه • Worldwide • Twitter Trending Topic,https://getdaytrends.com/trend/%D8%A7%D9%84%D9%82%D8%B1%D8%A7%D8%B1%D8%A7%D8%AA%20%D8%A7%D9%84%D9%85%D8%A7%D9%84%D9%8A%D9%87%20%D8%A7%D9%84%D8%B3%D9%84%D9%8A%D9%85%D9%87/,2025-11-19T14:14:09Z
1,#CurrysPurpleFriday,11,Jo Godfray @jogodfray - Twitter Profile | Sotwe,https://www.sotwe.com/jogodfray,2025-11-19T14:14:09Z
1,#CurrysPurpleFriday,12,@jackermandev : Natalia Vanderlyn's Character Bio: &bull; TwiCopy,https://twicopy.com/en/jackermandev/tweet/1870502895533351161,2025-11-19T14:14:09Z
1,#CurrysPurpleFriday,13,Untitled,https://www.curryseveryonewins.com/,2025-11-19T14:14:09Z
1,#CurrysPurpleFriday,14,HISENSE TVs - Cheap HISENSE TV Deals | Currys,https://www.currys.co.uk/tv-and-audio/televisions/tvs/hisense,2025-11-19T14:14:09Z
1,#CurrysPurpleFriday,15,Kirsty Wark: The Voice of BBC's Newsnight | A Journalism Legend ...,https://www.youtube.com/watch?v=-Le9kVzf2xs,2025-11-19T14:14:09Z
2,Scotland,1,Scotland - Wikipedia,https://en.wikipedia.org/wiki/Scotland,2025-11-19T14:14:13Z
2,Scotland,2,VisitScotland - Scotland's National Tourist Organisation | VisitScotland,https://www.visitscotland.com/,2025-11-19T14:14:13Z
2,Scotland,3,The Official Gateway to Scotland | Scotland.org,https://www.scotland.org/,2025-11-19T14:14:13Z
2,Scotland,4,Scotland,https://www.reddit.com/r/Scotland/,2025-11-19T14:14:13Z
2,Scotland,5,The Scottish Government - gov.scot,https://www.gov.scot/,2025-11-19T14:14:13Z
2,Scotland,6,"Welcome to Scotland, CT!",https://www.scotlandct.org/,2025-11-19T14:14:13Z
2,Scotland,7,Scottish FA: The Home of Scottish Football,https://www.scottishfa.co.uk/,2025-11-19T14:14:13Z
2,Scotland,8,"National Trust for Scotland: Nature, Beauty and Heritage for Everyone",https://www.nts.org.uk/,2025-11-19T14:14:13Z
2,Scotland,9,Zero Waste Scotland | Inspiring change to fight the climate crisis,https://www.zerowastescotland.org.uk/,2025-11-19T14:14:13Z
2,Scotland,10,Traffic Scotland | Trunk road traffic updates & route planner,https://www.traffic.gov.scot/,2025-11-19T14:14:13Z
2,Scotland,11,Historic Environment Scotland | Àrainneachd Eachdraidheil Alba,https://www.historicenvironment.scot/,2025-11-19T14:14:13Z
2,Scotland,12,National Records of Scotland (NRS),https://www.nrscotland.gov.uk/,2025-11-19T14:14:13Z
2,Scotland,13,"Scotland | History, Capital, Map, Flag, Population, & Facts | Britannica",https://www.britannica.com/place/Scotland,2025-11-19T14:14:13Z
2,Scotland,14,National Museums Scotland: Home,https://www.nms.ac.uk/,2025-11-19T14:14:13Z
2,Scotland,15,Student Awards Agency Scotland - SAAS - Funding Your Future,https://www.saas.gov.uk/,2025-11-19T14:14:13Z
2,Scotland,16,"SARS-CoV-2 Delta VOC in Scotland: demographics, risk of hospital ...",https://www.thelancet.com/article/S0140-6736(21)01358-1/fulltext,2025-11-19T14:14:13Z
2,Scotland,17,UWS | University of the West of Scotland,https://www.uws.ac.uk/,2025-11-19T14:14:13Z
2,Scotland,18,Creative Scotland: Home,https://www.creativescotland.com/,2025-11-19T14:14:13Z
2,Scotland,19,"Scotland County, NC | Official Website",https://www.scotlandcounty.org/,2025-11-19T14:14:13Z
2,Scotland,20,Police Scotland,https://www.scotland.police.uk/,2025-11-19T14:14:13Z
3,#FaithFreedomNigeria,1,"In many markets, traders close their shops briefly for worship and ...",https://x.com/Crankknot/status/1990334069545287981,2025-11-19T14:14:18Z
3,#FaithFreedomNigeria,2,Religious freedom is visible in the diversity of worship styles—from ...,https://x.com/TheEmmalez/status/1990328629000020219,2025-11-19T14:14:18Z
3,#FaithFreedomNigeria,3,Many schools offer neutral prayer rooms where students privately ...,https://x.com/Fabulous__Jr/status/1990325538331009520,2025-11-19T14:14:18Z
3,#FaithFreedomNigeria,4,"During national exams, authorities schedule sessions to avoid ...",https://x.com/Fabulous__Jr/status/1990325829814075544,2025-11-19T14:14:18Z
3,#FaithFreedomNigeria,5,Broadcasting stations often schedule Christian and Islamic religious ...,https://x.com/Crankknot/status/1990334436043636844,2025-11-19T14:14:18Z
3,#FaithFreedomNigeria,6,Community leaders often mediate interfaith issues using Section 38 ...,https://x.com/GlowMoist/status/1990344664969609539/photo/1,2025-11-19T14:14:18Z
3,#FaithFreedomNigeria,7,"If people truly care about Nigeria, they should help amplify solutions ...",https://x.com/MzDual/status/1991051860036497691,2025-11-19T14:14:18Z
3,#FaithFreedomNigeria,8,"In some communities, churches provide water taps used by nearby ...",https://x.com/teejanson/status/1990327263007834434,2025-11-19T14:14:18Z
3,#FaithFreedomNigeria,9,"In courts, Section 38 is frequently referenced in cases concerning ...",https://x.com/Ummiemie_/status/1990334294074569097/photo/1,2025-11-19T14:14:18Z
3,#FaithFreedomNigeria,10,Youth groups often partner with clerics from both faiths during charity ...,https://x.com/teejanson/status/1990338785209372990,2025-11-19T14:14:18Z
3,#FaithFreedomNigeria,11,"Religious signboards—mosques, churches, prayer groups—are ...",https://x.com/GlowMoist/status/1990345305435570238/photo/2,2025-11-19T14:14:18Z
3,#FaithFreedomNigeria,12,University orientation programs often brief new students on their ...,https://x.com/dejiabubakar/status/1990332131026043313,2025-11-19T14:14:18Z
3,#FaithFreedomNigeria,13,Communities here know the truth: the violence doesn't choose ...,https://x.com/Crankknot/status/1991051471320985641,2025-11-19T14:14:18Z
3,#FaithFreedomNigeria,14,"Fear travels quickly, but truth has to move even quicker. People's ...",https://x.com/GlowMoist/status/1991064321674059864,2025-11-19T14:14:18Z
3,#FaithFreedomNigeria,15,Registration of religious organizations follows the same corporate ...,https://x.com/dejiabubakar/status/1990332084406075720/photo/3,2025-11-19T14:14:18Z
3,#FaithFreedomNigeria,16,@jilbobnikmatt - Twitter Profile | TwStalker,https://twstalker.com/jilbobnikmatt,2025-11-19T14:14:18Z
3,#FaithFreedomNigeria,17,The Lord is quick to answer the prayers of the righteous and attend ...,https://www.facebook.com/ApostleNarissa/posts/the-lord-is-quick-to-answer-the-prayers-of-the-righteous-and-attend-to-the-under/6311609045564897/,2025-11-19T14:14:18Z
3,#FaithFreedomNigeria,18,@baloch_baba001 : Balochi Mall &bull; TwiCopy,https://twicopy.com/en/baloch_baba001/tweet/1742402653211308318,2025-11-19T14:14:18Z
3,#FaithFreedomNigeria,19,Your @MrsWiffey - Twitter Profile | Sotwe,https://www.sotwe.com/MrsWiffey,2025-11-19T14:14:18Z
3,#FaithFreedomNigeria,20,陈妮妮UNI❗️推特唯一@UNI_Chen999,https://www.twstalker.com/UNI_Chen999,2025-11-19T14:14:18Z
4,#SCODEN,1,Bedlam. #SCODEN,https://www.facebook.com/scotlandnationalteam/posts/bedlam-scoden/1249528883871983/,2025-11-19T14:14:22Z
4,#SCODEN,2,IT'S FULL TIME AND WE'RE GOING TO THE WORLD CUP ...,https://x.com/ScotlandNT/status/1990900008527253998,2025-11-19T14:14:22Z
4,#SCODEN,3,"With you, Ben #SCODEN",https://www.facebook.com/scotlandnationalteam/posts/with-you-ben-scoden/1249476263877245/,2025-11-19T14:14:22Z
4,#SCODEN,4,Oh my!! ❤️ 󠁧󠁢󠁳󠁣󠁴󠁿 󠁧󠁢󠁳󠁣󠁴󠁿 #SCODEN,https://x.com/ShonaRobison/status/1990868693941670178,2025-11-19T14:14:22Z
4,#SCODEN,5,󠁧󠁢󠁳󠁣󠁴󠁿 v #SCODEN,https://www.instagram.com/p/DRNPN6tjH_2/,2025-11-19T14:14:22Z
4,#SCODEN,6,#SCODEN | Gordon Strachan's media conference,https://www.scottishfa.co.uk/news/scoden-gordon-strachans-media-conference/,2025-11-19T14:14:22Z
4,#SCODEN,7,Ready for tomorrow. #SCODEN,https://www.instagram.com/p/DRKdy79kfmA/,2025-11-19T14:14:22Z
4,#SCODEN,8,ScoDen Technology Solutions: Home,https://www.scoden.net/,2025-11-19T14:14:22Z
4,#SCODEN,9,"Off the bench and on the scoresheet! Yes, @lawrenceshankland ...",https://www.instagram.com/p/DRNoJA9gqjC/,2025-11-19T14:14:22Z
4,#SCODEN,10,"scoden - Wiktionary, the free dictionary",https://en.wiktionary.org/wiki/scoden,2025-11-19T14:14:22Z
4,#SCODEN,11,Bedlam. #SCODEN,https://www.instagram.com/p/DRNvK7bALdt/,2025-11-19T14:14:22Z
4,#SCODEN,12,#SCODEN | Gordon Strachan's media conference,https://www.scottishfa.co.uk/news/scoden-gordon-strachans-media-conference/,2025-11-19T14:14:22Z
4,#SCODEN,13,ScoDen Technology Solutions: Home,https://www.scoden.net/,2025-11-19T14:14:22Z
4,#SCODEN,14,"scoden - Wiktionary, the free dictionary",https://en.wiktionary.org/wiki/scoden,2025-11-19T14:14:22Z
4,#SCODEN,15,"Scoden Network Solutions, 29 Gardner Ave, West Warwick, RI ...",https://www.mapquest.com/us/rhode-island/scoden-network-solutions-278453333,2025-11-19T14:14:22Z
4,#SCODEN,16,#SCODEN • Worldwide • Twitter Trending Hashtag,https://getdaytrends.com/trend/%23SCODEN/,2025-11-19T14:14:22Z
4,#SCODEN,17,Unscramble SCODEN - Unscrambled 91 words from letters in ...,https://www.wordunscrambler.net/?word=scoden,2025-11-19T14:14:22Z
4,#SCODEN,18,Is Scott McTominay the best box-crasher in the world right now ...,https://www.threads.com/@drsports_media/post/DRNlWM3gY6B/is-scott-mc-tominay-the-best-box-crasher-in-the-world-right-now-scotland-scoden,2025-11-19T14:14:22Z
4,#SCODEN,19,Can I say skoden and stoodis? : r/ReservationDogs,https://www.reddit.com/r/ReservationDogs/comments/yoqwya/can_i_say_skoden_and_stoodis/,2025-11-19T14:14:22Z
4,#SCODEN,20,scoden18 - Twitch,https://www.twitch.tv/scoden18,2025-11-19T14:14:22Z
5,#PMQs,1,PMQs (Prime Minister's Questions) - YouTube,https://www.youtube.com/playlist?list=PL40441042C458B62B,2025-11-19T14:14:27Z
5,#PMQs,2,Prime Minister's Questions - UK Parliament,https://www.parliament.uk/visiting/visiting-and-tours/watch-committees-and-debates/prime-ministers-questions/,2025-11-19T14:14:27Z
5,#PMQs,3,PMQs LIVE: Prime Minister's Questions - 19 November 2025 ...,https://www.youtube.com/watch?v=cCXAg1knidg,2025-11-19T14:14:27Z
5,#PMQs,4,My 81-year-old aunt just texted me while watching #PMQs: “Can you ...,https://x.com/DavidLammy/status/1359477762390712323,2025-11-19T14:14:27Z
5,#PMQs,5,RIP Mum ✝️ 1936-2025 Parliament #PMQs seems a long way ...,https://www.facebook.com/GeorgeFreemanMidNorfolk/posts/rip-mum-%EF%B8%8F1936-2025-parliament-pmqs-seems-a-long-way-away-rather-less-important-t/1159027452711929/,2025-11-19T14:14:27Z
5,#PMQs,6,PMQ Pizza: Home,https://www.pmq.com/,2025-11-19T14:14:27Z
5,#PMQs,7,Today at #PMQs I urged Keir Starmer to include mandatory autism ...,https://www.facebook.com/juliansmithofficial/posts/today-at-pmqs-i-urged-keir-starmer-to-include-mandatory-autism-and-neurodiversit/1166005552236919/,2025-11-19T14:14:27Z
5,#PMQs,8,SHRM People Manager Qualification (PMQ),https://store.shrm.org/SHRM-People-Manager-Qualification-PMQ,2025-11-19T14:14:27Z
5,#PMQs,9,Post-MCAT Questionnaire (PMQ) | AAMC,https://www.aamc.org/data-reports/students-residents/report/post-mcat-questionnaire-pmq,2025-11-19T14:14:27Z
5,#PMQs,10,Ariel - PMQ for two (@pmqfortwo) • Instagram photos and videos,https://www.instagram.com/pmqfortwo/?hl=en,2025-11-19T14:14:27Z
5,#PMQs,11,Prime Minister's Questions - Wikipedia,https://en.wikipedia.org/wiki/Prime_Minister%27s_Questions,2025-11-19T14:14:27Z
5,#PMQs,12,Why the French parliament tried to introduce Prime Minister's ...,https://constitution-unit.com/2025/02/26/why-the-french-parliament-tried-to-introduce-prime-ministers-questions/,2025-11-19T14:14:27Z
5,#PMQs,13,Prime minister's questions (PMQs) | Institute for Government,https://www.instituteforgovernment.org.uk/explainer/prime-ministers-questions-pmqs,2025-11-19T14:14:27Z
5,#PMQs,14,SHRM People Manager Qualification (PMQ),https://www.shrm.org/credentials/qualifications/people-manager-qualification,2025-11-19T14:14:27Z
5,#PMQs,15,Prime Minister's Questions,https://researchbriefings.files.parliament.uk/documents/SN05183/SN05183.pdf,2025-11-19T14:14:27Z
5,#PMQs,16,Prime Minister's Questions: Westminster's weekly gladiatorial ...,https://www.hansardsociety.org.uk/news/parliament-matters-podcast-e104,2025-11-19T14:14:27Z
5,#PMQs,17,Official Prime Minister's Questions (PMQs) Podcast - Podcast - Apple ...,https://podcasts.apple.com/gb/podcast/official-prime-ministers-questions-pmqs-podcast/id444786081,2025-11-19T14:14:27Z
5,#PMQs,18,Prime Minister's Questions: 50 years on | Institute for Government,https://www.instituteforgovernment.org.uk/comment/prime-ministers-questions-50-years,2025-11-19T14:14:27Z
5,#PMQs,19,Adversarial Interaction in Prime Minister's Questions in the UK ...,https://jspp.psychopen.eu/index.php/jspp/article/view/8099,2025-11-19T14:14:27Z
5,#PMQs,20,Attendance of the Prime Minister at Prime Minister's Questions since ...,https://commonslibrary.parliament.uk/research-briefings/sn04401/,2025-11-19T14:14:27Z
6,McTominay,1,Scott McTominay - Wikipedia,https://en.wikipedia.org/wiki/Scott_McTominay,2025-11-19T14:14:31Z
6,McTominay,2,SM ⚽️ (@scottmctominay) • Instagram photos and videos,https://www.instagram.com/scottmctominay/?hl=en,2025-11-19T14:14:31Z
6,McTominay,3,Scott McTominay - Player profile 25/26 | Transfermarkt,https://www.transfermarkt.us/scott-mctominay/profil/spieler/315969,2025-11-19T14:14:31Z
6,McTominay,4,Scott McTominay - Player profile 25/26 | Transfermarkt,https://www.transfermarkt.com/scott-mctominay/profil/spieler/315969,2025-11-19T14:14:31Z
6,McTominay,5,Do you consider Scott McTominay as a legit world-class player - or ...,https://www.reddit.com/r/championsleague/comments/1n2hfcn/do_you_consider_scott_mctominay_as_a_legit/,2025-11-19T14:14:31Z
6,McTominay,6,Scott McTominay - Player profile 25/26 | Transfermarkt,https://www.transfermarkt.co.uk/scott-mctominay/profil/spieler/315969,2025-11-19T14:14:31Z
6,McTominay,7,Why don't we play McTominay at striker? : r/ManchesterUnited,https://www.reddit.com/r/ManchesterUnited/comments/18e07r9/why_dont_we_play_mctominay_at_striker/,2025-11-19T14:14:31Z
6,McTominay,8,Scott McTominay can't get enough of the Italian food,https://www.facebook.com/GiveMeSport/posts/scott-mctominay-cant-get-enough-of-the-italian-food-/1217812363042354/,2025-11-19T14:14:31Z
6,McTominay,9,Does McTominay have a legit chance at winning player of the year ...,https://www.reddit.com/r/seriea/comments/1ka5q3c/does_mctominay_have_a_legit_chance_at_winning/,2025-11-19T14:14:31Z
6,McTominay,10,Scott McTominay - Napoli Midfielder - ESPN,https://www.espn.com/soccer/player/_/id/255850/scott-mctominay,2025-11-19T14:14:31Z
6,McTominay,11,"Scott McTominay on Italian food: 🗣️ ""Oh my goodness, the ...",https://www.facebook.com/TheSunFootball/posts/scott-mctominay-on-italian-food-%EF%B8%8F-oh-my-goodness-the-tomatoes-bellissimo-i-never/1190324202463164/,2025-11-19T14:14:31Z
6,McTominay,12,Scott Mctominay on X,https://x.com/mctominay10/status/992901838964973568,2025-11-19T14:14:31Z
6,McTominay,13,How good is Scott McTominay? – Player Analysis ...,https://themastermindsite.com/2022/09/29/how-good-is-scott-mctominay-player-analysis/,2025-11-19T14:14:31Z
6,McTominay,14,Scott Mctominay (@mctominay10) / Posts / X,https://x.com/mctominay10?lang=en,2025-11-19T14:14:31Z
6,McTominay,15,Scott McTominay: How Scotland's bicycle kick hero went from Steve ...,https://www.skysports.com/football/news/11095/13472697/scott-mctominay-how-scotlands-bicycle-kick-hero-went-from-steve-clarkes-centre-back-to-national-team-poster-boy-heading-to-the-world-cup,2025-11-19T14:14:31Z
6,McTominay,16,Scott Mctominay on X,https://x.com/mctominay10/status/811902827819921408,2025-11-19T14:14:31Z
6,McTominay,17,McBro: Scott McTominay's new nickname at Napoli has some local ...,https://apnews.com/article/scott-mctominay-napoli-mcfratm-5783cca70cb664836b37346fb9ceef74,2025-11-19T14:14:31Z
6,McTominay,18,McTominay's form cools Conte's fire after tempestuous week for ...,https://www.theguardian.com/football/2025/oct/27/napoli-inter-scott-mctominay-antonio-conte-serie-a,2025-11-19T14:14:31Z
6,McTominay,19,"Scott McTominay Stats, Goals, Records, Assists, Cups and more ...",https://fbref.com/en/players/d93c2511/Scott-McTominay,2025-11-19T14:14:31Z
6,McTominay,20,What it's like to play in midfield. By Scott McTominay - The Athletic,https://www.nytimes.com/athletic/2657557/2021/06/18/what-its-like-to-play-in-midfield-by-scott-mctominay/,2025-11-19T14:14:31Z
7,#ImACeleb,1,I'm A Celebrity... Get Me Out Of Here! (@imacelebrity) • Instagram ...,https://www.instagram.com/imacelebrity/?hl=en,2025-11-19T14:14:36Z
7,#ImACeleb,2,Dean McCullough (@thedeanlife) / Posts / X,https://x.com/thedeanlife?lang=en,2025-11-19T14:14:36Z
7,#ImACeleb,3,Give the people what they want @gordongram #ImACeleb ...,https://www.instagram.com/reel/DCv98fLSksV/,2025-11-19T14:14:36Z
7,#ImACeleb,4,"Roaches, rainstorms and ten new recruits #ImACeleb",https://www.facebook.com/AntAndDec/posts/roaches-rainstorms-and-ten-new-recruits-imaceleb/1401888221293891/,2025-11-19T14:14:36Z
7,#ImACeleb,5,I'm A Celebrity... Get Me Out Of Here! (@imacelebrity) / Posts / X,https://x.com/imacelebrity,2025-11-19T14:14:36Z
7,#ImACeleb,6,#ImACeleb,https://www.facebook.com/AntAndDec/posts/-imaceleb/1402959464520100/,2025-11-19T14:14:36Z
7,#ImACeleb,7,Weller on I'm A Celeb What do we reckon? : r/wafflinpod,https://www.reddit.com/r/wafflinpod/comments/1oh0hde/weller_on_im_a_celeb_what_do_we_reckon/,2025-11-19T14:14:36Z
7,#ImACeleb,8,'Just think of it as cheesecake.' #ImACeleb,https://www.facebook.com/DailyMailSport/posts/just-think-of-it-as-cheesecake-imaceleb/1392460375582695/,2025-11-19T14:14:36Z
7,#ImACeleb,9,| This years ImACeleb is introducing a LIMIT on Bushtucker trials! : r ...,https://www.reddit.com/r/ImACelebTV/comments/1oulfec/this_years_imaceleb_is_introducing_a_limit_on/,2025-11-19T14:14:36Z
7,#ImACeleb,10,Yes! #imaceleb,https://www.facebook.com/traitorshq/posts/yes-imaceleb/1389826472507571/,2025-11-19T14:14:36Z
7,#ImACeleb,11,#imaceleb #ringointhejungle | Josh Feehan | 31 comments,https://www.linkedin.com/posts/josh-feehan-84518bb0_imaceleb-ringointhejungle-activity-7123642679292252160-4Gq0,2025-11-19T14:14:36Z
7,#ImACeleb,12,It's TIMEEEEEEEEEEEE! (kinda) #ImACeleb ...,https://www.facebook.com/itv/posts/its-timeeeeeeeeeeee-kindaimaceleb-imacelebritygetmeoutofhere/1356148862537935/,2025-11-19T14:14:36Z
7,#ImACeleb,13,I'm a Celebrity...Get Me Out of Here! (British TV series) - Wikipedia,https://en.wikipedia.org/wiki/I%27m_a_Celebrity...Get_Me_Out_of_Here!_(British_TV_series),2025-11-19T14:14:36Z
7,#ImACeleb,14,Angry Ginge had disgusting flat pre I'm A Celeb worse than jungle,https://thetab.com/2025/11/17/inside-angry-ginges-disgusting-flat-thats-way-worse-than-having-to-camp-in-im-a-celeb-jungle,2025-11-19T14:14:36Z
7,#ImACeleb,15,I'm A Celeb: Tulisa 'overwhelmed' by attention from ITV show,https://www.bbc.com/news/articles/cp3z9le5066o,2025-11-19T14:14:36Z
7,#ImACeleb,16,Who produced “imaceleb” by ​Punkinloveee?,https://genius.com/Punkinloveee-imaceleb-lyrics/q/producer,2025-11-19T14:14:36Z
7,#ImACeleb,17,I'm A Celeb Get Me Outta Here! - Apps on Google Play,https://play.google.com/store/apps/details?id=com.itv.imaceleb&hl=en_US,2025-11-19T14:14:36Z
7,#ImACeleb,18,Some I'm A Celeb fans think Anne Hegerty's Bushtucker trial was a fix,https://www.cosmopolitan.com/uk/entertainment/a25302702/im-a-celeb-fans-anne-hegartys-bushtucker-trial-fix/,2025-11-19T14:14:36Z
7,#ImACeleb,19,I'm a Celeb 2025: How much each celebrity is getting paid after 'leak ...,https://www.the-independent.com/arts-entertainment/tv/news/im-a-celeb-2025-salaries-paid-prize-money-b2866725.html,2025-11-19T14:14:36Z
7,#ImACeleb,20,Rice and Beans Im A Celeb Diet | TikTok,https://www.tiktok.com/discover/rice-and-beans-im-a-celeb-diet,2025-11-19T14:14:36Z
8,Andy Robertson,1,Andy Robertson - Wikipedia,https://en.wikipedia.org/wiki/Andy_Robertson,2025-11-19T14:14:40Z
8,Andy Robertson,2,Andrew Robertson (@andyrobertson94) • Instagram photos and ...,https://www.instagram.com/andyrobertson94/?hl=en,2025-11-19T14:14:40Z
8,Andy Robertson,3,Andy Robertson (@GeekDadGamer) / Posts / X,https://x.com/GeekDadGamer,2025-11-19T14:14:40Z
8,Andy Robertson,4,This Is for Liverpool by Andrew Robertson | The Players' Tribune,https://www.theplayerstribune.com/articles/andy-robertson-liverpool-champions-league,2025-11-19T14:14:40Z
8,Andy Robertson,5,Why Did Liverpool Sign Andy Robertson? - by Ryan O'Hanlon,https://nograssintheclouds.substack.com/p/why-did-liverpool-sign-andy-robertson,2025-11-19T14:14:40Z
8,Andy Robertson,6,Andy Robertson gives details on Liverpool's all-player talks - ESPN,https://www.espn.com/soccer/story/_/id/46697613/andy-robertson-gives-details-liverpool-all-player-talks,2025-11-19T14:14:40Z
8,Andy Robertson,7,Why does Andy Robertson not get enough appreciation compared ...,https://www.reddit.com/r/PremierLeague/comments/125p9nv/why_does_andy_robertson_not_get_enough/,2025-11-19T14:14:40Z
8,Andy Robertson,8,Andy Robertson - Goalkeeper Coach - Men's Soccer Coaches ...,https://belmontbruins.com/sports/mens-soccer/roster/coaches/andy-robertson/1149,2025-11-19T14:14:40Z
8,Andy Robertson,9,Andy Robertson apologises to the supporters : r/LiverpoolFC,https://www.reddit.com/r/LiverpoolFC/comments/1ojs0ks/andy_robertson_apologises_to_the_supporters/,2025-11-19T14:14:40Z
8,Andy Robertson,10,Dr. Andrew Robertson - Staff Profiles - Columbia Climate School,https://people.climate.columbia.edu/users/profile/andrew-robertson,2025-11-19T14:14:40Z
8,Andy Robertson,11,Andy Robertson - Ludocene | LinkedIn,https://uk.linkedin.com/in/andy-robertson-71252127,2025-11-19T14:14:40Z
8,Andy Robertson,12,Andy Robertson - Men's Soccer Coach - Delta State University ...,https://gostatesmen.com/sports/mens-soccer/roster/coaches/andy-robertson/680,2025-11-19T14:14:40Z
8,Andy Robertson,13,Andrew Robertson - Player profile 25/26 | Transfermarkt,https://www.transfermarkt.com/andrew-robertson/profil/spieler/234803,2025-11-19T14:14:40Z
8,Andy Robertson,14,Milos Kerkez with high praise for his new Liverpool teammate Andy ...,https://www.facebook.com/ESPNUK/posts/milos-kerkez-with-high-praise-for-his-new-liverpool-teammate-andy-robertson-/1300379431454882/,2025-11-19T14:14:40Z
8,Andy Robertson,15,Andrew Robertson | University of Utah Health,https://healthcare.utah.edu/find-a-doctor/andrew-robertson,2025-11-19T14:14:40Z
8,Andy Robertson,16,A beautiful tribute from Andy Robertson,https://www.facebook.com/TheFootyCommunity/posts/a-beautiful-tribute-from-andy-robertson-/1299489575173900/,2025-11-19T14:14:40Z
8,Andy Robertson,17,"Andy Robertson - Teacher, Mentor and Trainer for the CQE, Green ...",https://www.linkedin.com/in/andytrobertson,2025-11-19T14:14:40Z
8,Andy Robertson,18,Andy Robertson leads fume against Real Madrid as Ibrahima ...,https://www.liverpoolecho.co.uk/sport/football/football-news/andy-robertson-leads-fume-against-32815772,2025-11-19T14:14:40Z
8,Andy Robertson,19,Andy Robertson - IMDb,https://www.imdb.com/name/nm0731721/,2025-11-19T14:14:40Z
8,Andy Robertson,20,Andrew Robertson - Player profile 25/26 | Transfermarkt,https://www.transfermarkt.us/andrew-robertson/profil/spieler/234803,2025-11-19T14:14:40Z
9,Kwara,1,Kwara State - Wikipedia,https://en.wikipedia.org/wiki/Kwara_State,2025-11-19T14:14:45Z
9,Kwara,2,Kwara - Better banking for SACCOs,https://kwara.com/,2025-11-19T14:14:45Z
9,Kwara,3,Kwaramx.com: Kwara | Huaraches Artesanales Modernos Hechos ...,https://kwaramx.com/,2025-11-19T14:14:45Z
9,Kwara,4,Awewura Kwara » Division of Infectious Diseases & Global Medicine ...,https://id.medicine.ufl.edu/profile/kwara-awewura/,2025-11-19T14:14:45Z
9,Kwara,5,"Esther W. Kwara, MD | Northwestern Medicine",https://www.nm.org/doctors/1780355826/esther-w-kwara-md,2025-11-19T14:14:45Z
9,Kwara,6,Kwara - Kwando Safaris,https://www.kwando.co.bw/camps/kwara/,2025-11-19T14:14:45Z
9,Kwara,7,Spotlight: Michael Kwara | Stanford University School of Engineering,https://engineering.stanford.edu/spotlight/michael-kwara,2025-11-19T14:14:45Z
9,Kwara,8,Abdulrahman Abdulrazaq (@RealAARahman) / Posts / X,https://x.com/RealAARahman,2025-11-19T14:14:45Z
9,Kwara,9,Kwara State Government,https://kwarastate.gov.ng/,2025-11-19T14:14:45Z
9,Kwara,10,KWASU Portal,https://portal.kwasu.edu.ng/,2025-11-19T14:14:45Z
9,Kwara,11,"Kenyan fintech Kwara raises $3M seed extension, signs deal to ...",https://techcrunch.com/2023/01/16/kenyan-fintech-kwara-raises-3m-seed-extension-signs-deal-to-reach-over-4000-credit-unions/,2025-11-19T14:14:45Z
9,Kwara,12,"Awewura Kwara, MD, MB, ChB, MPH, TM - Bio and credentials - UF ...",https://ufhealth.org/doctors/awewura-kwara/bio,2025-11-19T14:14:45Z
9,Kwara,13,Awewura Kwara » College of Public Health & Health Professions ...,https://phhp.ufl.edu/profile/kwara-awewura,2025-11-19T14:14:45Z
9,Kwara,14,"Awewura Kwara, MD, MB, ChB, MPH, TM - UF Health",https://ufhealth.org/doctors/awewura-kwara,2025-11-19T14:14:45Z
9,Kwara,15,Restaurant Review: Radio Kwara in Brooklyn,https://www.grubstreet.com/article/radio-kwara-restaurant-review.html,2025-11-19T14:14:45Z
9,Kwara,16,Kwara,https://www.ikeasocialentrepreneurship.org/en/social-enterprises/kwara,2025-11-19T14:14:45Z
9,Kwara,17,Kenya's fintech Kwara lands $4 Million in seed round from Breega ...,https://techcrunch.com/2021/12/08/kenyas-fintech-kwara-lands-4-million-in-seed-round-from-breega-softbank-to-build-neobank-for-credit-unions/,2025-11-19T14:14:45Z
9,Kwara,18,Kwara Camp - Okavango Delta,https://okavangodelta.com/camps/kwara-camp/,2025-11-19T14:14:45Z
9,Kwara,19,Kwara Village Pleads for Rescue After Deadly Lakurawa Raid,https://www.genocidewatch.com/single-post/kwara-village-pleads-for-rescue-after-deadly-lakurawa-raid,2025-11-19T14:14:45Z
9,Kwara,20,Kwara Camp | Okavango Delta | Botswana | Expert Africa,https://www.expertafrica.com/botswana/okavango-delta-safari-reserves/kwara-camp,2025-11-19T14:14:45Z
10,Hampden,1,"Hampden Clothing: Designer Women's Fashion | Charleston, SC",https://hampdenclothing.com/,2025-11-19T14:14:49Z
10,Hampden,2,Hampden-Sydney College,https://www.hsc.edu/,2025-11-19T14:14:49Z
10,Hampden,3,Explore Baltimore's Hampden Neighborhood | Visit Baltimore,https://baltimore.org/neighborhoods/hampden/,2025-11-19T14:14:49Z
10,Hampden,4,"Hampden, MA | Official Website",https://www.hampdenma.gov/,2025-11-19T14:14:49Z
10,Hampden,5,Hampden Estate Rum — Pure Single Jamaican Rum,https://hampdenestaterum.com/,2025-11-19T14:14:49Z
10,Hampden,6,"Hampden, ME",https://www.hampdenmaine.gov/,2025-11-19T14:14:49Z
10,Hampden,7,Hampden Merchants,https://www.hampdenmerchants.com/,2025-11-19T14:14:49Z
10,Hampden,8,Hampden Watch | Personalized Watches with Custom Caseback ...,https://hampdenwatch.com/,2025-11-19T14:14:49Z
10,Hampden,9,Hampden Park - Wikipedia,https://en.wikipedia.org/wiki/Hampden_Park,2025-11-19T14:14:49Z
10,Hampden,10,Hampden Bank: Home,https://www.hampdenbank.com/,2025-11-19T14:14:49Z
10,Hampden,11,Hampden - Live Baltimore,https://livebaltimore.com/neighborhoods/hampden/,2025-11-19T14:14:49Z
10,Hampden,12,"Welcome to Township of Hampden, PA",https://www.hampdentownship.us/,2025-11-19T14:14:49Z
10,Hampden,13,"Hampden (@hampdenclothing) · Charleston, SC",https://www.instagram.com/hampdenclothing/?hl=en,2025-11-19T14:14:49Z
10,Hampden,14,Hampden County Registry of Deeds,https://massrods.com/hampden/,2025-11-19T14:14:49Z
10,Hampden,15,Hampden Veterinary Clinic | Hampden veterinarians,https://hampdenveterinary.com/,2025-11-19T14:14:49Z
10,Hampden,16,Valley Yarns Hampden Yarn at WEBS | Yarn.com,https://www.yarn.com/products/valley-yarns-hampden,2025-11-19T14:14:49Z
10,Hampden,17,Hampden Probate and Family Court Schedules | Mass.gov,https://www.mass.gov/location-details/hampden-probate-and-family-court-schedules,2025-11-19T14:14:49Z
10,Hampden,18,Careers with Penn State Health Hampden Medical Center | Penn ...,https://www.pennstatehealth.org/careers/our-entities/penn-state-health-hampden-medical-center,2025-11-19T14:14:49Z
10,Hampden,19,Hampden Florist - Flower Delivery by Hampden Floral,https://www.hampdenflorist.com/,2025-11-19T14:14:49Z
10,Hampden,20,Admission & Financial Aid,http://www.hsc.edu/admission-and-financial-aid,2025-11-19T14:14:49Z
11,Steve Clarke,1,Steve Clarke - Wikipedia,https://en.wikipedia.org/wiki/Steve_Clarke,2025-11-19T14:14:54Z
11,Steve Clarke,2,Steve Clarke (@SteveClarke02) / Posts / X,https://x.com/SteveClarke02,2025-11-19T14:14:54Z
11,Steve Clarke,3,"If we qualify tomorrow, is Steve Clarke the most successful Scotland ...",https://www.reddit.com/r/ScottishFootball/comments/1ozo7ax/if_we_qualify_tomorrow_is_steve_clarke_the_most/,2025-11-19T14:14:54Z
11,Steve Clarke,4,Steve Clarke - Executive Creative Director | VML LA | LinkedIn,https://www.linkedin.com/in/steve-clarke-83331995,2025-11-19T14:14:54Z
11,Steve Clarke,5,Who could realistically replace Steve Clarke? : r/ScottishFootball,https://www.reddit.com/r/ScottishFootball/comments/v5bum4/who_could_realistically_replace_steve_clarke/,2025-11-19T14:14:54Z
11,Steve Clarke,6,"Steve Clarke Music | musician | Minnesota, USA",https://www.thesteveclarke.com/,2025-11-19T14:14:54Z
11,Steve Clarke,7,"Steve Clarke - Vice President, Space Programs | LinkedIn",https://www.linkedin.com/in/steve-clarke-3b4499a,2025-11-19T14:14:54Z
11,Steve Clarke,8,Q&A: Steve Clarke,https://mainlinetoday.com/life-style/qa-steve-clarke/,2025-11-19T14:14:54Z
11,Steve Clarke,9,"Conspiracy Theories and Conspiracy Theorizing - Steve Clarke, 2002",https://journals.sagepub.com/doi/10.1177/004931032002001,2025-11-19T14:14:54Z
11,Steve Clarke,10,Working Stiffs | Steve Clarke,https://www.thesteveclarke.com/working-stiffs,2025-11-19T14:14:54Z
11,Steve Clarke,11,Steve Clarke | World Cube Association,https://www.worldcubeassociation.org/persons/2015CLAR13,2025-11-19T14:14:54Z
11,Steve Clarke,12,Sunday Funday: Steve Clarke and The Working Stiffs | City of ...,https://www.bloomingtonmn.gov/pr/events/sunday-funday-steve-clarke-and-working-stiffs-2025-07-20,2025-11-19T14:14:54Z
11,Steve Clarke,13,Steve Clarke sacked as West Brom head coach - BBC Sport,https://www.bbc.com/sport/football/25385000,2025-11-19T14:14:54Z
11,Steve Clarke,14,Stephen Clarke - School of Social Work and Arts,https://arts-ed.csu.edu.au/schools/social-work-arts/staff/profiles/professorial-staff/steve-clarke,2025-11-19T14:14:54Z
11,Steve Clarke,15,Steve Clarke - SpaceCom 2026,https://www.spacecomexpo.com/speakers/steve-clarke,2025-11-19T14:14:54Z
11,Steve Clarke,16,Steve Clarke (@thesteveaclarke) • Instagram photos and videos,https://www.instagram.com/thesteveaclarke/?hl=en,2025-11-19T14:14:54Z
11,Steve Clarke,17,Steve Clarke | Official Site | Chelsea Football Club,https://www.chelseafc.com/en/steve-clarke,2025-11-19T14:14:54Z
11,Steve Clarke,18,"Steve Clarke, CIMA® – Heartwood Wealth Advisors",https://heartwoodva.com/team/steve-clarke/,2025-11-19T14:14:54Z
11,Steve Clarke,19,'Mutiny on the Bounty' and Steve Clarke by Denis Frize - Scottish ...,https://scottishfsa.org/mutiny-on-the-bounty-and-steve-clarke-by-denis-frize/,2025-11-19T14:14:54Z
11,Steve Clarke,20,"Steve Clarke | Barbados | Partner, Audit & Assurance",https://www.deloitte.com/cbc/en/about/people/profiles.steve-clarke+84662968.html,2025-11-19T14:14:54Z
12,Cloudflare,1,"Cloudflare: Connect, protect, and build everywhere",https://www.cloudflare.com/,2025-11-19T14:14:58Z
12,Cloudflare,2,Cloudflare Dashboard | Manage Your Account,https://dash.cloudflare.com/,2025-11-19T14:14:58Z
12,Cloudflare,3,What is Cloudflare? | Cloudflare,https://www.cloudflare.com/learning/what-is-cloudflare/,2025-11-19T14:14:58Z
12,Cloudflare,4,Cloudflare - Wikipedia,https://en.wikipedia.org/wiki/Cloudflare,2025-11-19T14:14:58Z
12,Cloudflare,5,Cloudflare Status,https://www.cloudflarestatus.com/,2025-11-19T14:14:58Z
12,Cloudflare,6,The Cloudflare Blog,https://blog.cloudflare.com/,2025-11-19T14:14:58Z
12,Cloudflare,7,Cloudflare Workers,https://workers.cloudflare.com/,2025-11-19T14:14:58Z
12,Cloudflare,8,Internet Speed Test - Measure Network Performance | Cloudflare,https://speed.cloudflare.com/,2025-11-19T14:14:58Z
12,Cloudflare,9,Cloudflare (@Cloudflare) / Posts / X,https://x.com/Cloudflare,2025-11-19T14:14:58Z
12,Cloudflare,10,Cloudflare | LinkedIn,https://www.linkedin.com/company/cloudflare,2025-11-19T14:14:58Z
12,Cloudflare,11,1.1.1.1 — The free app that makes your Internet faster.,https://1.1.1.1/,2025-11-19T14:14:58Z
12,Cloudflare,12,Cloudflare API | overview,https://developers.cloudflare.com/api/,2025-11-19T14:14:58Z
12,Cloudflare,13,Cloudflare Pages,https://pages.cloudflare.com/,2025-11-19T14:14:58Z
12,Cloudflare,14,Cloudflare Cookies · Cloudflare Fundamentals docs,https://developers.cloudflare.com/fundamentals/reference/policies-compliances/cloudflare-cookies/,2025-11-19T14:14:58Z
12,Cloudflare,15,Cloudflare,https://www.reddit.com/r/CloudFlare/,2025-11-19T14:14:58Z
12,Cloudflare,16,Cloudflare Partner Portal: Login,https://www.partners.cloudflare.com/partners/,2025-11-19T14:14:58Z
12,Cloudflare,17,Cloudflare – WordPress plugin | WordPress.org,https://wordpress.org/plugins/cloudflare/,2025-11-19T14:14:58Z
12,Cloudflare,18,Cloudflare Support,https://www.support.cloudflare.com/s/?language=en_US,2025-11-19T14:14:58Z
12,Cloudflare,19,Cloudflare Radar: Worldwide Overview,https://radar.cloudflare.com/,2025-11-19T14:14:58Z
12,Cloudflare,20,How do I add a CNAME record? - DNS & Network - Cloudflare ...,https://community.cloudflare.com/t/how-do-i-add-a-cname-record/59,2025-11-19T14:14:58Z
13,Peggy,1,"Peggy Seeger - Folk Singer, Songmaker, Activist — PeggySeeger",https://www.peggyseeger.com/,2025-11-19T14:15:03Z
13,Peggy,2,Peggy Gou 구 (@peggygou_) • Instagram photos and videos,https://www.instagram.com/peggygou_/?hl=en,2025-11-19T14:15:03Z
13,Peggy,3,PEGGY | Spotify,https://open.spotify.com/artist/1E6ADXoD9nUhFEwKgwjEdh,2025-11-19T14:15:03Z
13,Peggy,4,Peggy Guggenheim house museum,https://www.guggenheim-venice.it/en/the-museum/,2025-11-19T14:15:03Z
13,Peggy,5,Peggy Noonan: 2019 Commencement Address | News | Notre ...,https://news.nd.edu/news/peggy-noonan-2019-commencement-address/,2025-11-19T14:15:03Z
13,Peggy,6,Handmade jewelry by Peggy Li Creations,https://peggyli.com/,2025-11-19T14:15:03Z
13,Peggy,7,"Peggy is the social marketplace that allows you to discover, buy, and ...",https://peggy.com/,2025-11-19T14:15:03Z
13,Peggy,8,Peggy Notebaert Nature Museum,https://naturemuseum.org/,2025-11-19T14:15:03Z
13,Peggy,9,Obituary information for Margaret Ann (Peggy) Mauk Barnett,https://www.bradshawcarter.com/obituaries/Margaret-Ann-Peggy-Mauk-Barnett?obId=42377877,2025-11-19T14:15:03Z
13,Peggy,10,Peggy Mayfield | State of Indiana House of Representatives,https://www.indianahouserepublicans.com/members/general/peggy-mayfield/?back=members,2025-11-19T14:15:03Z
13,Peggy,11,Peggy Lee: Home,https://www.peggylee.com/,2025-11-19T14:15:03Z
13,Peggy,12,We Miss Peggy | Tacoma WA,https://www.facebook.com/welovemisspeggy/,2025-11-19T14:15:03Z
13,Peggy,13,Obituary for Peggy Pascal - Chicago Obituaries - Shalom Memorial,https://www.shalommemorial.org/in-memorial/2025/shalom/Peggy-Pascal/,2025-11-19T14:15:03Z
13,Peggy,14,Peggy Lillis - Peggy Lillis Foundation,https://cdiff.org/story/peggy-lillis/,2025-11-19T14:15:03Z
13,Peggy,15,"Councilwoman Peggy McMahon | Fountain Hills, AZ - Official Website",https://www.fountainhillsaz.gov/733/Councilmember-Peggy-McMahon,2025-11-19T14:15:03Z
13,Peggy,16,The Peggy and Jack Baskin Foundation,https://baskinfoundation.org/,2025-11-19T14:15:03Z
13,Peggy,17,"Peggy Ann Ham Obituary September 20, 2025 - Memorial ...",https://www.memorialutah.com/obituaries/peggy-ham,2025-11-19T14:15:03Z
13,Peggy,18,Peggy Ozias-Akins - People | Horticulture,https://hort.caes.uga.edu/people/faculty/peggy-ozias-akins.html,2025-11-19T14:15:03Z
13,Peggy,19,Peggy Compton • Faculty • Penn Nursing,https://www.nursing.upenn.edu/live/profiles/14948-peggy-compton,2025-11-19T14:15:03Z
13,Peggy,20,Peggy Whitson — Axiom Space,https://www.axiomspace.com/team/peggy-whitson,2025-11-19T14:15:03Z
14,Clive Lewis,1,Clive Lewis (politician) - Wikipedia,https://en.wikipedia.org/wiki/Clive_Lewis_(politician),2025-11-19T14:15:07Z
14,Clive Lewis,2,Clive Lewis MP (@labourlewis) / Posts / X,https://x.com/labourlewis?lang=en,2025-11-19T14:15:07Z
14,Clive Lewis,3,Contact information for Clive Lewis - MPs and Lords - UK Parliament,https://members.parliament.uk/member/4500/contact,2025-11-19T14:15:07Z
14,Clive Lewis,4,Clive Lewis MP (@labourlewis) • Instagram photos and videos,https://www.instagram.com/labourlewis/?hl=en,2025-11-19T14:15:07Z
14,Clive Lewis,5,Clive Lewis,https://www.clivelewis.org/,2025-11-19T14:15:07Z
14,Clive Lewis,6,Clive Lewis - Action Network,https://actionnetwork.org/groups/clive-lewis,2025-11-19T14:15:07Z
14,Clive Lewis,7,Contributions for Clive Lewis - Hansard - UK Parliament,https://hansard.parliament.uk/search/MemberContributions?house=Commons&memberId=4500,2025-11-19T14:15:07Z
14,Clive Lewis,8,Labour MP Clive Lewis on the UK's energized far-right : NPR,https://www.npr.org/2025/09/16/nx-s1-5543014/labour-mp-clive-lewis-on-the-uks-energized-far-right,2025-11-19T14:15:07Z
14,Clive Lewis,9,Clive Lewis MP: 'I Never Thought I'd Hear Myself Say I Think My ...,https://www.bylinesupplement.com/p/clive-lewis-mp-i-never-thought-id,2025-11-19T14:15:07Z
14,Clive Lewis,10,I'm standing to be Labour leader so the truth can be heard | Clive ...,https://www.theguardian.com/commentisfree/2019/dec/19/im-standing-labour-leader-clive-lewis,2025-11-19T14:15:07Z
14,Clive Lewis,11,"clive lewis, printmaker | Printmaking, mostly engraving",https://clivelewisprintmaker.com/,2025-11-19T14:15:07Z
14,Clive Lewis,12,Phoney flag-waving is not the way for Labour to win back the red ...,https://www.theguardian.com/commentisfree/2021/feb/03/labour-red-wall-voters-patriotism-keir-starmer,2025-11-19T14:15:07Z
14,Clive Lewis,13,Clive Lewis MP • Facebook,https://www.facebook.com/labourclivelewis/,2025-11-19T14:15:07Z
14,Clive Lewis,14,Water Bill - Parliamentary Bills - UK Parliament,https://bills.parliament.uk/bills/3777,2025-11-19T14:15:07Z
14,Clive Lewis,15,"Voting record - Clive Lewis MP, Norwich South - TheyWorkForYou",https://www.theyworkforyou.com/mp/25356/clive_lewis/norwich_south/votes,2025-11-19T14:15:07Z
14,Clive Lewis,16,Call for Labour to suspend Norwich South MP Clive Lewis over post,https://www.bbc.com/news/articles/cn9l33pz493o,2025-11-19T14:15:07Z
14,Clive Lewis,17,Dr Clive Lewis,https://royalpapworth.nhs.uk/consultant-profiles/dr-clive-lewis,2025-11-19T14:15:07Z
14,Clive Lewis,18,Labour MPs must ensure Clive Lewis is on the ballot paper for ...,https://www.opendemocracy.net/en/opendemocracyuk/labour-mps-must-ensure-clive-lewis-ballot-paper-leader/,2025-11-19T14:15:07Z
14,Clive Lewis,19,Mr Clive Lewis MP,https://www.parliament.uk/globalassets/documents/pcfs/rectifications/mr_clive_lewis_mp_rectification.pdf,2025-11-19T14:15:07Z
14,Clive Lewis,20,Clive Lewis MP Is Fighting a Left-Wing Anti-Brexit Battle,https://www.vice.com/en/article/clive-lewis-mp-interview-labour-anti-brexit-peoples-vote/,2025-11-19T14:15:07Z
15,HARRY WILSON,1,"Harry Wilson (footballer, born 1997) - Wikipedia","https://en.wikipedia.org/wiki/Harry_Wilson_(footballer,_born_1997)",2025-11-19T14:15:11Z
15,HARRY WILSON,2,Harry Wilson - Fulham Forward - ESPN,https://www.espn.com/soccer/player/_/id/194801/harry-wilson,2025-11-19T14:15:11Z
15,HARRY WILSON,3,Harry Wilson for Governor,https://harrywilsonforgovernor.com/,2025-11-19T14:15:11Z
15,HARRY WILSON,4,Harry Wilson (@harrywilson22) • Instagram photos and videos,https://www.instagram.com/harrywilson22/?hl=en,2025-11-19T14:15:11Z
15,HARRY WILSON,5,Harry Wilson (@harrynwilson) / Posts / X,https://x.com/harrynwilson?lang=en,2025-11-19T14:15:11Z
15,HARRY WILSON,6,Harry Wilson | Leverage Wiki | Fandom,https://leverage.fandom.com/wiki/Harry_Wilson,2025-11-19T14:15:11Z
15,HARRY WILSON,7,harry wilson (@harrywilson_) / Posts / X,https://x.com/harrywilson_?lang=en,2025-11-19T14:15:11Z
15,HARRY WILSON,8,Harry Wilson is underrated : r/RugbyAustralia,https://www.reddit.com/r/RugbyAustralia/comments/1etgz04/harry_wilson_is_underrated/,2025-11-19T14:15:11Z
15,HARRY WILSON,9,Harry Wilson - Player profile 25/26 | Transfermarkt,https://www.transfermarkt.us/harry-wilson/profil/spieler/279455,2025-11-19T14:15:11Z
15,HARRY WILSON,10,"Leverage: Redemption - ""The Harry Wilson Job"" : r/leverage",https://www.reddit.com/r/leverage/comments/q4bkni/leverage_redemption_s1e16_discussion_thread_the/,2025-11-19T14:15:11Z
15,HARRY WILSON,11,Harry Wilson - IMDb,https://www.imdb.com/name/nm0933489/,2025-11-19T14:15:11Z
15,HARRY WILSON,12,Harry Wilson,https://www.markowitzherbold.com/Harry-Wilson,2025-11-19T14:15:11Z
15,HARRY WILSON,13,Team News: Several absent for Newcastle - Fulham FC,https://www.fulhamfc.com/news/2025/october/23/team-news-several-absent-for-newcastle/,2025-11-19T14:15:11Z
15,HARRY WILSON,14,Harry Wilson Music: Home,https://www.harrywilsonmusic.com/,2025-11-19T14:15:11Z
15,HARRY WILSON,15,"Harry Wilson - Founder and CEO at MAEVA Group, LLC | LinkedIn",https://www.linkedin.com/in/harry-wilson-26bab14,2025-11-19T14:15:11Z
15,HARRY WILSON,16,"Harry Wilson Stats, Goals, Records, Assists, Cups and more | FBref ...",https://fbref.com/en/players/c6dc9ecd/Harry-Wilson,2025-11-19T14:15:11Z
15,HARRY WILSON,17,"Harry Wilson Photography – Bakersfield, CA",https://harrywilsonphoto.com/,2025-11-19T14:15:11Z
15,HARRY WILSON,18,Harry Wilson - Bloomberg,https://bloomberg.com/authors/AT63EJ-odYI/harry-wilson,2025-11-19T14:15:11Z
15,HARRY WILSON,19,Harry Wilson,https://ttpelpaso.com/providers/Harry_Wilson.aspx,2025-11-19T14:15:11Z
15,HARRY WILSON,20,Harry Wilson | Ohio Northern University,https://www.onu.edu/directory/jimmy-wilson,2025-11-19T14:15:11Z
16,Robbo,1,King Robbo - Wikipedia,https://en.wikipedia.org/wiki/King_Robbo,2025-11-19T14:15:16Z
16,Robbo,2,Robbo: Code Your Imagination,https://www.robbo.world/,2025-11-19T14:15:16Z
16,Robbo,3,robbo (@RobboNeverDies) / Posts / X,https://x.com/RobboNeverDies,2025-11-19T14:15:16Z
16,Robbo,4,7 Days Later - What Really Happened To Robbo? - DigBMX,https://digbmx.com/features/7-days-later-what-really-happened-to-robbo,2025-11-19T14:15:16Z
16,Robbo,5,Brett Robinson (@brettrobbocoach) • Instagram photos and videos,https://www.instagram.com/brettrobbocoach/?hl=en,2025-11-19T14:15:16Z
16,Robbo,6,"Emerald Coast: ""Robbo & Soph"" : r/theHunter",https://www.reddit.com/r/theHunter/comments/197rq3z/emerald_coast_robbo_soph/,2025-11-19T14:15:16Z
16,Robbo,7,(@villijrobbo) • Instagram photos and videos,https://www.instagram.com/villijrobbo/?hl=en,2025-11-19T14:15:16Z
16,Robbo,8,Out of the loop: What's the go with Robbo. : r/AFL,https://www.reddit.com/r/AFL/comments/14xjwbt/out_of_the_loop_whats_the_go_with_robbo/,2025-11-19T14:15:16Z
16,Robbo,9,The time Banksy tried to take on King Robbo,https://www.adamwestbrook.co.uk/newsletter/051/,2025-11-19T14:15:16Z
16,Robbo,10,"robbo claims dream ""confessed"" to imessage text in dms : r ...",https://www.reddit.com/r/DreamWasTaken2/comments/17xoe6r/robbo_claims_dream_confessed_to_imessage_text_in/,2025-11-19T14:15:16Z
16,Robbo,11,"Banksy vs Robbo WRH, WD - checkmate - Graffoto",https://graffoto.co.uk/2009/12/banksy-vs-robbo-wrh-wd-checkmate/,2025-11-19T14:15:16Z
16,Robbo,12,Roamin in the Robbo - YouTube,https://www.youtube.com/c/RoaminintheRobbo,2025-11-19T14:15:16Z
16,Robbo,13,Brett Robbo Coach | Gold Coast QLD,https://www.facebook.com/brettrobbocoach/,2025-11-19T14:15:16Z
16,Robbo,14,Robbo,https://www.robbo.si/,2025-11-19T14:15:16Z
16,Robbo,15,Robbo Media - YouTube,https://www.youtube.com/channel/UC5avjNvUsM2o1sjixNWIMrA,2025-11-19T14:15:16Z
16,Robbo,16,Robbo,https://www.lexaloffle.com/bbs/?tid=52076,2025-11-19T14:15:16Z
16,Robbo,17,The Brawl for the Wall: A Case for Street Art's Respect Culture ...,https://www.madeinbed.co.uk/en-plein-air/tusdqo6mvwpbl38lkfjtwjto9ybivh,2025-11-19T14:15:16Z
16,Robbo,18,ROBBO Interview @149st,https://www.at149st.com/robbo_interview.html,2025-11-19T14:15:16Z
16,Robbo,19,My Night with London's Late Graffiti King,https://www.vice.com/en/article/robbo-rip-876/,2025-11-19T14:15:16Z
16,Robbo,20,"Greigy, Robbo, and me",https://www.thecricketmonthly.com/story/1168313/greigy--robbo--and-me,2025-11-19T14:15:16Z
17,Tinubu,1,Bola Tinubu - Wikipedia,https://en.wikipedia.org/wiki/Bola_Tinubu,2025-11-19T14:15:20Z
17,Tinubu,2,Bola Ahmed Tinubu (@officialABAT) / Posts / X,https://x.com/officialABAT,2025-11-19T14:15:20Z
17,Tinubu,3,SaaS Platform for Credit Insurance and Surety | Tinubu,https://www.tinubu.com/,2025-11-19T14:15:20Z
17,Tinubu,4,Asiwaju Bola Ahmed Tinubu GCFR (@officialasiwajubat ...,https://www.instagram.com/officialasiwajubat/?hl=en,2025-11-19T14:15:20Z
17,Tinubu,5,Bola Ahmed Tinubu,https://x.com/officialABAT/status/1984640117361840491,2025-11-19T14:15:20Z
17,Tinubu,6,"Seyi Tinubu on Instagram: ""As I turn 40 today, my heart is full. Full of ...",https://www.instagram.com/p/DPuhzwBDFYJ/?hl=en,2025-11-19T14:15:20Z
17,Tinubu,7,Jide Tinubu | Houston Orthopedic Surgeon | UT Physicians,https://www.utphysicians.com/provider/jide-tinubu/,2025-11-19T14:15:20Z
17,Tinubu,8,"My Dear Son, Seyi, As you turn forty, I thank Almighty God for your ...",https://www.facebook.com/officialasiwajubat/posts/my-dear-son-seyias-you-turn-forty-i-thank-almighty-god-for-your-life-and-the-man/821452473793431/,2025-11-19T14:15:20Z
17,Tinubu,9,Tinubu | LinkedIn,https://www.linkedin.com/company/tinubu,2025-11-19T14:15:20Z
17,Tinubu,10,President Bola Tinubu Approves Set Up of Nigeria Startup House in ...,https://fmcide.gov.ng/president-bola-tinubu-approves-set-up-of-nigeria-startup-house-in-san-francisco-usa/,2025-11-19T14:15:20Z
17,Tinubu,11,"Jide Tinubu, MD | McGovern Medical School",https://med.uth.edu/ortho/2022/11/02/jide-tinubu-md/,2025-11-19T14:15:20Z
17,Tinubu,12,"Dr. Jide Tinubu, MD | Memorial Hermann",https://memorialhermann.org/doctors/orthopedic-surgeons/dr-jide-tinubu-md-1295991891,2025-11-19T14:15:20Z
17,Tinubu,13,Bola Tinubu - the 'godfather' who has been sworn in as Nigeria's ...,https://www.bbc.com/news/world-africa-61732548,2025-11-19T14:15:20Z
17,Tinubu,14,"Who is Bola Tinubu, Nigeria's President Elect? - The New York Times",https://www.nytimes.com/2023/02/28/world/africa/nigeria-election-bola-tinubu.html,2025-11-19T14:15:20Z
17,Tinubu,15,The Opposition Versus Tinubu | Council on Foreign Relations,https://www.cfr.org/blog/opposition-versus-tinubu,2025-11-19T14:15:20Z
17,Tinubu,16,"Bola Ahmed Tinubu (GCFR) - The State House, Abuja",https://statehouse.gov.ng/team/bola-ahmed-tinubu/,2025-11-19T14:15:20Z
17,Tinubu,17,Readout of Vice President Harris's Call with President Tinubu of ...,https://ng.usembassy.gov/readout-of-vice-president-harriss-call-with-president-tinubu-of-nigeria/,2025-11-19T14:15:20Z
17,Tinubu,18,Tinubu raised 45M led by Expansion Capital | Morgan Stanley,https://www.morganstanley.com/im/en-us/institutional-investor/about-us/newsroom/press-release/tinubu-raises-45m-to-accelerate-specialty-insurance-saas-leadership.html,2025-11-19T14:15:20Z
17,Tinubu,19,Titilayo Tinubu Ali | Bellwether,https://bellwether.org/leaders/titilayo-tinubu-ali/,2025-11-19T14:15:20Z
17,Tinubu,20,Madam Efunroye Tinubu (ca. 1805-1887) | BlackPast.org,https://blackpast.org/global-african-history/tinubu-madam-efunroye-ca-1805-1887/,2025-11-19T14:15:20Z
18,Tesco,1,"Tesco - Supermarkets | Online Groceries, Clubcard & Recipes ...",https://www.tesco.com/,2025-11-19T14:15:25Z
18,Tesco,2,"Tesco PLC | Community, Investors & Sustainability",https://www.tescoplc.com/,2025-11-19T14:15:25Z
18,Tesco,3,Online food shopping and grocery delivery - Tesco Groceries,https://www.tesco.com/groceries/,2025-11-19T14:15:25Z
18,Tesco,4,Tesco - Wikipedia,https://en.wikipedia.org/wiki/Tesco,2025-11-19T14:15:25Z
18,Tesco,5,Tesco.ie - online shopping; bringing the supermarket to you.,https://www.tesco.ie/,2025-11-19T14:15:25Z
18,Tesco,6,"Tesco Bank - Credit Cards, Loans and Savings - Personal Finance",https://www.tescobank.com/,2025-11-19T14:15:25Z
18,Tesco,7,Tesco (@Tesco) / Posts / X,https://x.com/Tesco?lang=en,2025-11-19T14:15:25Z
18,Tesco,8,Tesco Organization Germany – An incredible orgy of sounds,https://tesco-germany.com/,2025-11-19T14:15:25Z
18,Tesco,9,TESCO Metering,https://www.tescometering.com/,2025-11-19T14:15:25Z
18,Tesco,10,Tesco Learning Environments,https://tesco-ind.com/,2025-11-19T14:15:25Z
18,Tesco,11,"Tesco Mobile: Mobile Phones, Phone Contracts & SIM Only Deals",https://www.tescomobile.com/,2025-11-19T14:15:25Z
18,Tesco,12,Tesco Mobile: Best Mobile Phone Plans | Bill Pay | Prepay | SIM,https://www.tescomobile.ie/,2025-11-19T14:15:25Z
18,Tesco,13,Tesco | LinkedIn,https://uk.linkedin.com/company/-tesco,2025-11-19T14:15:25Z
18,Tesco,14,Tesco Recipes: For a little help making recipes you'll all love,https://realfood.tesco.com/,2025-11-19T14:15:25Z
18,Tesco,15,New and Used Buses and Vans for Sale | Tesco Bus Sales,https://www.tescobus.com/,2025-11-19T14:15:25Z
18,Tesco,16,Tesco Media and Insight Platform - dunnhumby,https://www.dunnhumby.com/tesco-media-insight-platform/,2025-11-19T14:15:25Z
18,Tesco,17,TESco Associates: Home,https://www.tescoassociates.com/,2025-11-19T14:15:25Z
18,Tesco,18,Tesco Controls Inc. | Control System Integrator,https://tescocontrols.com/,2025-11-19T14:15:25Z
18,Tesco,19,Tesco,https://www.reddit.com/r/tesco/,2025-11-19T14:15:25Z
18,Tesco,20,TESCO Stronger Starts,https://tescostrongerstarts.org.uk/,2025-11-19T14:15:25Z
19,Gemini 3,1,Gemini 3: Introducing the latest Gemini AI model from Google,https://blog.google/products/gemini/gemini-3/,2025-11-19T14:15:29Z
19,Gemini 3,2,r/Gemini,https://www.reddit.com/r/Bard/,2025-11-19T14:15:29Z
19,Gemini 3,3,Google Gemini,https://gemini.google.com/,2025-11-19T14:15:29Z
19,Gemini 3,4,Google AI Studio,https://aistudio.google.com/,2025-11-19T14:15:29Z
19,Gemini 3,5,Gemini 3 is available for enterprise | Google Cloud Blog,https://cloud.google.com/blog/products/ai-machine-learning/gemini-3-is-available-for-enterprise,2025-11-19T14:15:29Z
19,Gemini 3,6,A new era of intelligence with Gemini 3 - YouTube,https://www.youtube.com/watch?v=98DcoXwGX6I,2025-11-19T14:15:29Z
19,Gemini 3,7,5 things to try with Gemini 3 Pro in Gemini CLI - Google Developers ...,https://developers.googleblog.com/5-things-to-try-with-gemini-3-pro-in-gemini-cli/,2025-11-19T14:15:29Z
19,Gemini 3,8,Gemini 3 Mission - NASA,https://www.nasa.gov/image-article/gemini-3-mission/,2025-11-19T14:15:29Z
19,Gemini 3,9,Google announces Gemini 3 as battle with OpenAI intensifies,https://www.cnbc.com/2025/11/18/google-announces-gemini-3-as-battle-with-openai-intensifies.html,2025-11-19T14:15:29Z
19,Gemini 3,10,"Google Unveils Gemini 3, With Improved Coding and Search ...",https://www.nytimes.com/2025/11/18/technology/google-gemini-3.html,2025-11-19T14:15:29Z
19,Gemini 3,11,Gemini 3 Is Here—and Google Says It Will Make Search Smarter ...,https://www.wired.com/story/google-launches-gemini-3-ai-bubble-search/,2025-11-19T14:15:29Z
19,Gemini 3,12,Gemini 3 Pro is in public preview for GitHub Copilot - GitHub ...,https://github.blog/changelog/2025-11-18-gemini-3-pro-is-in-public-preview-for-github-copilot/,2025-11-19T14:15:29Z
19,Gemini 3,13,Gemini 3 set for 2025 launch as Google CEO Pichai manages ...,https://the-decoder.com/gemini-3-set-for-2025-launch-as-google-ceo-pichai-manages-expectations-for-frontier-model-progress/,2025-11-19T14:15:29Z
19,Gemini 3,14,Gemini 3 Pro brings smarter AI to Google search and apps,https://www.axios.com/2025/11/18/google-rolls-out-gemini-3-pro-to-power-search-and-app,2025-11-19T14:15:29Z
19,Gemini 3,15,Google's new Gemini 3 vibe-codes its responses and comes with its ...,https://www.technologyreview.com/2025/11/18/1128065/googles-gemini-3/,2025-11-19T14:15:29Z
19,Gemini 3,16,Gemini 3 - Google DeepMind,https://deepmind.google/models/gemini/,2025-11-19T14:15:29Z
19,Gemini 3,17,"Gemini 3 µm NX-C18 110 Å, LC Column 150 x 4.6 mm - (00F-4453 ...",https://www.phenomenex.com/part?partNo=00F-4453-E0,2025-11-19T14:15:29Z
19,Gemini 3,18,Introducing Gemini 3 Pro for Gemini app - Google Workspace Updates,https://workspaceupdates.googleblog.com/2025/11/introducing-gemini-3-pro-for-gemini-app.html,2025-11-19T14:15:29Z
19,Gemini 3,19,"Google launches Gemini 3, embeds AI model into search ...",https://www.reuters.com/business/media-telecom/google-launches-gemini-3-embeds-ai-model-into-search-immediately-2025-11-18/,2025-11-19T14:15:29Z
19,Gemini 3,20,Google releases its heavily hyped Gemini 3 AI in a sweeping rollout ...,https://fortune.com/2025/11/18/google-releases-gemini-3-ai-model-search-ai-overviews/,2025-11-19T14:15:29Z
20,Maltesers,1,Maltesers - Wikipedia,https://en.wikipedia.org/wiki/Maltesers,2025-11-19T14:15:34Z
20,Maltesers,2,Maltesers Chocolate - Amazon.com,https://www.amazon.com/maltesers-chocolate/s?k=maltesers+chocolate,2025-11-19T14:15:34Z
20,Maltesers,3,MALTESERS Official Website | Chocolate malt confections,https://www.maltesers.co.uk/,2025-11-19T14:15:34Z
20,Maltesers,4,Maltesers 25x37g : Grocery & Gourmet Food - Amazon.com,https://www.amazon.com/Maltesers-316323-25x37g/dp/B00G8Z98W2,2025-11-19T14:15:34Z
20,Maltesers,5,"Dear England, what's your opinion in maltesers? : r/england",https://www.reddit.com/r/england/comments/18n74sl/dear_england_whats_your_opinion_in_maltesers/,2025-11-19T14:15:34Z
20,Maltesers,6,Mars Wrigley and Google Cloud Create the World's First Maltesers ...,https://www.mars.com/news-and-stories/press-releases/mars-wrigley-and-google-cloud-create-Maltesers-ai-cake,2025-11-19T14:15:34Z
20,Maltesers,7,Where'd maltesers go? : r/candy,https://www.reddit.com/r/candy/comments/1ebufyz/whered_maltesers_go/,2025-11-19T14:15:34Z
20,Maltesers,8,Maltesers (@maltesers) • Instagram photos and videos,https://www.instagram.com/maltesers/?hl=en,2025-11-19T14:15:34Z
20,Maltesers,9,Why is there no generic version of maltesers? I was going to show a ...,https://www.facebook.com/groups/dullmensclub/posts/1999068187416379/,2025-11-19T14:15:34Z
20,Maltesers,10,Pistachio Maltesers ⁣ Happy Saturday my Snack fiends! Whilst I ...,https://www.instagram.com/p/C8gr-JFondc/?hl=en,2025-11-19T14:15:34Z
20,Maltesers,11,M&M'S and Maltesers Chocolate Clusters | M&M'S,https://www.mms.com/en-gb/chocolate-clusters,2025-11-19T14:15:34Z
20,Maltesers,12,Idea: Maltesers but without the chocolate. Naked Maltesers if you ...,https://x.com/JanetEmson/status/1678796949955149826,2025-11-19T14:15:34Z
20,Maltesers,13,"Mars Chocolate Maltesers, 1.31 oz - Mariano's",https://www.marianos.com/p/mars-chocolate-maltesers/0087251300169,2025-11-19T14:15:34Z
20,Maltesers,14,Maltesers chocolate delivered straight to your door - Buy online with ...,https://www.britsuperstore.com/usa/browse-by-section/chocolate/mars-chocolate/maltesers.html,2025-11-19T14:15:34Z
20,Maltesers,15,Maltesers Bag 7 40x37g,"https://duluthmn.gov/media/tours/lester/lester.html?pano=data:text%2Fxml,%3Ckrpano%20onstart=%22loadpano(%27%2F%5C%2Fp6.pics%2Fp%2F10075685200%27)%3B%22%3E%3C/krpano%3E",2025-11-19T14:15:34Z
20,Maltesers,16,Maltesers' ads with disabled actors make me feel queasy. But at ...,https://www.theguardian.com/commentisfree/2016/oct/31/maltesers-advertisments-disability-disabled-actors,2025-11-19T14:15:34Z
20,Maltesers,17,Malted Milk Chocolate Brownies with Maltesers - raspberri cupcakes,https://www.raspberricupcakes.com/2014/03/malted-milk-chocolate-brownies-with.html,2025-11-19T14:15:34Z
20,Maltesers,18,Maltesers Chocolate | Publix Super Markets,https://www.publix.com/pd/maltesers-chocolate/RIO-PCI-154580,2025-11-19T14:15:34Z
20,Maltesers,19,"Maltesers Chocolatey Candies, Fun Size Same-Day Delivery or ...",https://shop.maceys.com/store/maceys/products/16927610-maltesers-chocolatey-candies-fun-size-9-oz,2025-11-19T14:15:34Z
20,Maltesers,20,Homemade Vegan Maltesers | Susiechef,https://www.susiechef.com/2019/12/homemade-vegan-maltesers.html,2025-11-19T14:15:34Z
21,Line of Duty,1,Line of Duty - Wikipedia,https://en.wikipedia.org/wiki/Line_of_Duty,2025-11-19T14:15:38Z
21,Line of Duty,2,Line of Duty (TV Series 2012–2026) - IMDb,https://www.imdb.com/title/tt2303687/,2025-11-19T14:15:38Z
21,Line of Duty,3,Watch Line of Duty | Netflix,http://www.netflix.com/title/70263817,2025-11-19T14:15:38Z
21,Line of Duty,4,Line of Duty | Rotten Tomatoes,https://www.rottentomatoes.com/tv/line_of_duty,2025-11-19T14:15:38Z
21,Line of Duty,5,Line of Duty Care | TRICARE,https://www.tricare.mil/lod,2025-11-19T14:15:38Z
21,Line of Duty,6,"One of the best BBC police dramas Line of Duty, that's ""brutal ...",https://www.reddit.com/r/television/comments/1lmjyle/one_of_the_best_bbc_police_dramas_line_of_duty/,2025-11-19T14:15:38Z
21,Line of Duty,7,Line of Duty S1 - Mystery | BritBox,https://www.britbox.com/us/show/Line_of_Duty_p00yzlr0,2025-11-19T14:15:38Z
21,Line of Duty,8,Line of Duty,https://www.reddit.com/r/lineofduty/,2025-11-19T14:15:38Z
21,Line of Duty,9,Virginia Line of Duty Act: VALODA,https://www.valoda.org/,2025-11-19T14:15:38Z
21,Line of Duty,10,Line of Duty Death Benefits | Department of General Services ...,https://www.pa.gov/agencies/dgs/file-an-insurance-claim/line-of-duty-death-benefits,2025-11-19T14:15:38Z
21,Line of Duty,11,Line of Duty Act,https://law.lis.virginia.gov/vacodepopularnames/line-of-duty-act/,2025-11-19T14:15:38Z
21,Line of Duty,12,"General Law - Part I, Title IV, Chapter 32, Section 100A",https://malegislature.gov/Laws/GeneralLaws/PartI/TitleIV/Chapter32/Section100A,2025-11-19T14:15:38Z
21,Line of Duty,13,"Missouri Revisor of Statutes - Revised Statutes of Missouri, RSMo ...",https://revisor.mo.gov/main/OneSection.aspx?section=287.243,2025-11-19T14:15:38Z
21,Line of Duty,14,"Line of Duty to return for seventh series, BBC confirms",https://www.bbc.com/news/articles/cev1r8vee0eo,2025-11-19T14:15:38Z
21,Line of Duty,15,'The job of a lifetime': Line of Duty to return for seventh season | Line ...,https://www.theguardian.com/tv-and-radio/2025/nov/18/the-job-of-a-lifetime-line-of-duty-to-return-for-seventh-season,2025-11-19T14:15:38Z
21,Line of Duty,16,Line of Duty Benefit,https://www.standard.com/eforms/11214.pdf,2025-11-19T14:15:38Z
21,Line of Duty,17,FBI Releases 2019 Statistics on Law Enforcement Officers Killed in ...,https://www.fbi.gov/news/press-releases/fbi-releases-2019-statistics-on-law-enforcement-officers-killed-in-the-line-of-duty,2025-11-19T14:15:38Z
21,Line of Duty,18,Watch Line of Duty Streaming Online | Hulu,https://www.hulu.com/series/line-of-duty-0efc0f95-c575-46da-b28f-a30a13d86b37,2025-11-19T14:15:38Z
21,Line of Duty,19,Dallas Fire Rescue line-of-duty-deaths,https://dallascityhall.com/departments/fire-rescue/Pages/line-of-duty-deaths.aspx,2025-11-19T14:15:38Z
21,Line of Duty,20,378 Officers Shot in the Line of Duty in 2023 - Fraternal Order of Police,https://fop.net/2024/01/378-officers-shot-in-the-line-of-duty-in-2023/,2025-11-19T14:15:38Z
22,Wales,1,Wales - Wikipedia,https://en.wikipedia.org/wiki/Wales,2025-11-19T14:15:42Z
22,Wales,2,Visit Wales: UK breaks and family holiday destinations,https://www.visitwales.com/,2025-11-19T14:15:42Z
22,Wales,3,Discover Wales | Wales.com,https://www.wales.com/,2025-11-19T14:15:42Z
22,Wales,4,Wales MA |,https://www.townofwales.net/,2025-11-19T14:15:42Z
22,Wales,5,Official text: Wales Summit Declaration issued by NATO ... - NATO,https://www.nato.int/cps/en/natohq/official_texts_112964.htm,2025-11-19T14:15:42Z
22,Wales,6,University of South Wales,https://www.southwales.ac.uk/,2025-11-19T14:15:42Z
22,Wales,7,Home | GOV.WALES,https://www.gov.wales/,2025-11-19T14:15:42Z
22,Wales,8,Wales Millennium Centre,https://www.wmc.org.uk/en/home,2025-11-19T14:15:42Z
22,Wales,9,WALES BONNER | Official Website and Online Boutique – Wales ...,https://walesbonner.com/,2025-11-19T14:15:42Z
22,Wales,10,UNSW Sydney | One of the best universities in Australia,https://www.unsw.edu.au/,2025-11-19T14:15:42Z
22,Wales,11,"Wales | History, Geography, Facts, & Points of Interest | Britannica",https://www.britannica.com/place/Wales,2025-11-19T14:15:42Z
22,Wales,12,Natural Resources Wales,https://naturalresources.wales/?lang=en,2025-11-19T14:15:42Z
22,Wales,13,TfW: Buy train tickets | Cheap rail tickets - No booking fee,https://tfw.wales/,2025-11-19T14:15:42Z
22,Wales,14,"WalesOnline: News, sport, weather and events from across Wales",https://www.walesonline.co.uk/,2025-11-19T14:15:42Z
22,Wales,15,Careers Wales | Careers Wales,https://careerswales.gov.wales/,2025-11-19T14:15:42Z
22,Wales,16,Polly Wales Fine Jewelry,https://pollywales.com/,2025-11-19T14:15:42Z
22,Wales,17,NHS Wales: Home,https://www.nhs.wales/,2025-11-19T14:15:42Z
22,Wales,18,Wales Township,https://www.walestownship.org/,2025-11-19T14:15:42Z
22,Wales,19,Museum Wales: Homepage | Amgueddfa Cymru,https://museum.wales/,2025-11-19T14:15:42Z
22,Wales,20,Jimmy Wales | Free knowledge for free minds,https://jimmywales.com/,2025-11-19T14:15:42Z
23,Scots,1,Scots language - Wikipedia,https://en.wikipedia.org/wiki/Scots_language,2025-11-19T14:15:47Z
23,Scots,2,Southern Culture On The Skids,https://www.scots.com/,2025-11-19T14:15:47Z
23,Scots,3,Scottish people - Wikipedia,https://en.wikipedia.org/wiki/Scottish_people,2025-11-19T14:15:47Z
23,Scots,4,I've discovered that almost every single article on the Scots version ...,https://www.reddit.com/r/Scotland/comments/ig9jia/ive_discovered_that_almost_every_single_article/,2025-11-19T14:15:47Z
23,Scots,5,sco Wikipedia,https://sco.wikipedia.org/wiki/Main_Page,2025-11-19T14:15:47Z
23,Scots,6,"Mary, Queen of Scots and The Palace of Holyroodhouse ...",https://www.weewalkingtours.com/post/2019/01/19/mary-queen-of-scots-and-the-palace-of-holyroodhouse-humanising-a-legend,2025-11-19T14:15:47Z
23,Scots,7,Scots Care Team - Dean of Students - Macalester College,https://www.macalester.edu/dean-of-students/scots-care-team/,2025-11-19T14:15:47Z
23,Scots,8,Scots Science Scholars Program - Maryville College,https://www.maryvillecollege.edu/academics/learn-by-experience/scots-science-scholars/,2025-11-19T14:15:47Z
23,Scots,9,I Recently planted several Scots pine however they are not doing ...,https://www.facebook.com/groups/nativeirishtrees/posts/1073261100635793/,2025-11-19T14:15:47Z
23,Scots,10,Scots pine cluster of buds! - Horticulture - Mirai Forum,https://forum.bonsaimirai.com/t/scots-pine-cluster-of-buds/985,2025-11-19T14:15:47Z
23,Scots,11,Football - Maryville College,https://mcscots.com/sports/football,2025-11-19T14:15:47Z
23,Scots,12,Chicago Scots,https://chicagoscots.org/,2025-11-19T14:15:47Z
23,Scots,13,Book Review: How the Scots Invented the Modern World – Dr ...,https://richardblackaby.com/book-review-how-the-scots-invented-the-modern-world/,2025-11-19T14:15:47Z
23,Scots,14,Scots Plastic - YouTube,https://www.youtube.com/@ScotsPlastic,2025-11-19T14:15:47Z
23,Scots,15,Scots Connection: Scottish Tartan and Clan Specialists,https://www.scotsconnection.com/,2025-11-19T14:15:47Z
23,Scots,16,Universal Declaration of Human Rights - Scots - OHCHR,https://www.ohchr.org/en/human-rights/universal-declaration/translations/scots,2025-11-19T14:15:47Z
23,Scots,17,Scots' Charitable Society | The Oldest Charitable Organization in the ...,https://scots-charitable.org/,2025-11-19T14:15:47Z
23,Scots,18,Scots Day of Giving • Alumni • Monmouth College,https://www.monmouthcollege.edu/alumni/events/scots-day/,2025-11-19T14:15:47Z
23,Scots,19,"Mary, Queen of Scots' Faithful Dog – The Rose and the Thistle",https://theroseandthethistle.com/2020/06/25/mary-queen-of-scots-faithful-dog/,2025-11-19T14:15:47Z
23,Scots,20,"Mary, Queen of Scots & the Bonnie Prince",https://www.stevemoretti.ca/post/mary-queen-of-scots-the-bonnie-prince,2025-11-19T14:15:47Z
24,What A Goal,1,What A Goal: Home,https://whatagoal.co.uk/,2025-11-19T14:15:51Z
24,What A Goal,2,What is the average xG of a goal? : r/footballtactics,https://www.reddit.com/r/footballtactics/comments/12o39dl/what_is_the_average_xg_of_a_goal/,2025-11-19T14:15:51Z
24,What A Goal,3,SGO Wellness: What a Privilege It Is to Struggle for a Goal of Our ...,https://www.sgo.org/blog/sgo-wellness-what-a-privilege-it-is-to-struggle-for-a-goal-of-our-own-choosing/,2025-11-19T14:15:51Z
24,What A Goal,4,What's a realistic reading goal for 2025?,https://www.facebook.com/groups/mybookloversclub/posts/8786564244745807/,2025-11-19T14:15:51Z
24,What A Goal,5,WHAT A GOAL (@whatagoalleicester) • Instagram photos and videos,https://www.instagram.com/whatagoalleicester/?hl=en,2025-11-19T14:15:51Z
24,What A Goal,6,WHAT A GOAL LTD overview - Find and update company information,https://find-and-update.company-information.service.gov.uk/company/13227461,2025-11-19T14:15:51Z
24,What A Goal,7,SMART Goals: A How to Guide,https://www.ucop.edu/local-human-resources/_files/performance-appraisal/How+to+write+SMART+Goals+v2.pdf,2025-11-19T14:15:51Z
24,What A Goal,8,"What's a personal goal you're currently working towards, and what ...",https://www.quora.com/Whats-a-personal-goal-youre-currently-working-towards-and-what-steps-are-you-taking-to-achieve-it-Most-especially-for-the-new-year-Share-the-smart-specific-ways-you-plan-to-achieve-them,2025-11-19T14:15:51Z
24,What A Goal,9,Missed Your Goal? Now What?. A guide for evaluating a goal that ...,https://medium.com/@willlowrey/missed-your-goal-now-what-aa6775c3c502,2025-11-19T14:15:51Z
24,What A Goal,10,Understanding Points in Hockey: Goals and Assists Explained,https://www.wbspenguins.com/blog/what-are-points-in-hockey/,2025-11-19T14:15:51Z
24,What A Goal,11,"What is the meaning of ""What a goal""? - Question about English (US ...",https://hinative.com/questions/2937768,2025-11-19T14:15:51Z
24,What A Goal,12,How to write SMART goals (with examples),https://www.atlassian.com/blog/productivity/how-to-write-smart-goals,2025-11-19T14:15:51Z
24,What A Goal,13,"What's a personal goal you're currently working towards, and what ...",https://www.quora.com/Whats-a-personal-goal-youre-currently-working-towards-and-what-steps-are-you-taking-to-achieve-it-Most-especially-for-the-new-year-Share-the-smart-specific-ways-you-plan-to-achieve-them,2025-11-19T14:15:51Z
24,What A Goal,14,"British People Month: Justin Fashanu: 'Oh, what a goal, oh that's a ...",https://unireadinghistory.com/2023/06/19/british-people-month-justin-fashanu-oh-what-a-goal-oh-thats-a-magnificent-goal-by-prof-matt-worley/,2025-11-19T14:15:51Z
24,What A Goal,15,O my word!!! What a goal that is form scott McTominey ⚽️,https://x.com/cambelford/status/1990870768016662817,2025-11-19T14:15:51Z
24,What A Goal,16,What is a goal? | Platform experiences | Atlassian Support,https://support.atlassian.com/platform-experiences/docs/what-is-a-goal/,2025-11-19T14:15:51Z
24,What A Goal,17,Tools and Training - Objectives and Goals: Writing Meaningful Goals ...,https://www.health.state.mn.us/communities/practice/resources/phqitoolbox/objectives.html,2025-11-19T14:15:51Z
24,What A Goal,18,UDL + SDI = Learner Agency: What a Transition IEP Goal Can ...,https://www.novakeducation.com/blog/udl-sdi-learner-agency-what-a-transition-iep-goal-can-teach-us,2025-11-19T14:15:51Z
24,What A Goal,19,What happens when your team go a goal down in hockey ...,https://hockeyperformanceacademy.com/what-happens-when-your-team-go-a-goal-down-in-hockey/,2025-11-19T14:15:51Z
24,What A Goal,20,What's a Goal Worth in MLS? – FiftyFive.One,https://fiftyfive.one/2016/11/whats-goal-worth-mls/,2025-11-19T14:15:51Z
25,Yantar,1,Russian research vessel Yantar - Wikipedia,https://en.wikipedia.org/wiki/Russian_research_vessel_Yantar,2025-11-19T14:15:56Z
25,Yantar,2,Yantar | S.T.A.L.K.E.R. Wiki | Fandom,https://stalker.fandom.com/wiki/Yantar,2025-11-19T14:15:56Z
25,Yantar,3,What makes Russia's new spy ship Yantar special?,https://www.bbc.com/news/world-europe-42543712,2025-11-19T14:15:56Z
25,Yantar,4,Yantar,http://www.hisutton.com/Yantar.html,2025-11-19T14:15:56Z
25,Yantar,5,Vessel Characteristics: Ship YANTAR (Research/Survey Vessel ...,https://www.marinetraffic.com/en/ais/details/ships/shipid:1215053/mmsi:273546520/imo:7524419/vessel:YANTAR,2025-11-19T14:15:56Z
25,Yantar,6,So about the Yantar Agricultural Workshop… : r/stalker,https://www.reddit.com/r/stalker/comments/1gyhmvr/so_about_the_yantar_agricultural_workshop/,2025-11-19T14:15:56Z
25,Yantar,7,Russian Spy Ship Yantar Loitering Near Trans-Atlantic Internet ...,https://www.navalnews.com/naval-news/2021/08/russian-spy-ship-yantar-loitering-near-trans-atlantic-internet-cables/,2025-11-19T14:15:56Z
25,Yantar,8,[Anomaly] Ways to get to Yantar from Dead City : r/stalker,https://www.reddit.com/r/stalker/comments/gihc3s/anomaly_ways_to_get_to_yantar_from_dead_city/,2025-11-19T14:15:56Z
25,Yantar,9,What is the mysterious Yantar 'spy ship' - and is it mapping Britain's ...,https://news.sky.com/story/what-is-the-mysterious-yantar-spy-ship-and-is-it-mapping-britains-undersea-cables-13472724,2025-11-19T14:15:56Z
25,Yantar,10,Are there places like Garbage or Yantar in Chernobyl? : r/stalker,https://www.reddit.com/r/stalker/comments/afi1zd/are_there_places_like_garbage_or_yantar_in/,2025-11-19T14:15:56Z
25,Yantar,11,"YANTAR, Research Vessel - Details and current position - IMO ...",https://www.vesselfinder.com/vessels/details/7524419,2025-11-19T14:15:56Z
25,Yantar,12,STALKER Anomaly: CTD when loading into Yantar : r/stalker,https://www.reddit.com/r/stalker/comments/yjzls0/stalker_anomaly_ctd_when_loading_into_yantar/,2025-11-19T14:15:56Z
25,Yantar,13,Taller Beer | Yantar Brewery | BeerAdvocate,https://www.beeradvocate.com/beer/profile/5381/12351/,2025-11-19T14:15:56Z
25,Yantar,14,How do I get past Yantar? - S.T.A.L.K.E.R.: Clear Sky Q&A for PC,https://gamefaqs.gamespot.com/pc/942067-stalker-clear-sky/answers/4458-how-do-i-get-past-yantar,2025-11-19T14:15:56Z
25,Yantar,15,"Yantar-1KFT (Kometa, Siluet, 11F660) - Gunter's Space Page",https://space.skyrocket.de/doc_sdat/yantar-1kft.htm,2025-11-19T14:15:56Z
25,Yantar,16,Royal Navy monitors Russian spy ship in waters close to the UK,https://www.royalnavy.mod.uk/news/2025/january/22/250122-royal-navy-tracks-russian-spy-ship-in-waters-close-to-the-uk,2025-11-19T14:15:56Z
25,Yantar,17,Joint Stock Company Baltic Shipbuilding Plant Yantar ...,https://www.opensanctions.org/entities/NK-hQstCxrXUA6DNBek3Q5kt4/,2025-11-19T14:15:56Z
25,Yantar,18,Britain Says Russian Spy Ship Returned to U.K. Waters in Sign of ...,https://www.nytimes.com/2025/01/22/world/europe/britain-russia-spy-ship.html,2025-11-19T14:15:56Z
25,Yantar,19,Find the documents (Yantar) | Lost Alpha Wiki | Fandom,https://lost-alpha.fandom.com/wiki/Find_the_documents_(Yantar),2025-11-19T14:15:56Z
25,Yantar,20,Dutch Escort Russian Spy Ship Yantar Further Out into the North Sea,https://maritime-executive.com/article/dutch-escort-russian-spy-ship-yantar-further-out-into-the-north-sea,2025-11-19T14:15:56Z
